Status,Problem ,Solution,Topic,Sub Topic,Difficulty,Remarks,Link
Yes,Climbing Stars,https://github.com/AshishSalaskar1/DS_Algo_Playground/blob/master/Track/DSA_A_to_Z/Dynamic%20Programming/1D_DP/Climbing_Stars.py,Dynamic Programming,1D-DP,,,
Yes,Frog Jump,https://github.com/AshishSalaskar1/DS_Algo_Playground/blob/master/Track/DSA_A_to_Z/Dynamic%20Programming/1D_DP/Frog_Jump(DP-3).py,Dynamic Programming,1D-DP,,,
Yes,Frog Jump with K Distances,https://github.com/AshishSalaskar1/DS_Algo_Playground/blob/master/Track/DSA_A_to_Z/Dynamic%20Programming/1D_DP/Frog_Jump_with_k_distances(DP-4).py,Dynamic Programming,1D-DP,,,
Yes,Maximum Sum of Non Adjacent Element,https://github.com/AshishSalaskar1/DS_Algo_Playground/blob/master/Track/DSA_A_to_Z/Dynamic%20Programming/1D_DP/Maximum_sum_of_non-adjacent_element%E2%80%A6.py,Dynamic Programming,1D-DP,,,
Yes,House Robber,https://github.com/AshishSalaskar1/DS_Algo_Playground/blob/master/Track/DSA_A_to_Z/Dynamic%20Programming/1D_DP/House_Robber_(DP_6).py,Dynamic Programming,1D-DP,,,
Yes,Ninja's Training,https://github.com/AshishSalaskar1/DS_Algo_Playground/blob/master/Track/DSA_A_to_Z/Dynamic%20Programming/2D_3D_DP/Ninja's_Training_(DP_7).py,Dynamic Programming,2D-DP,,,
Yes,Grid Unique Paths DP on Grids (dp,https://github.com/AshishSalaskar1/DS_Algo_Playground/blob/master/Track/DSA_A_to_Z/Dynamic%20Programming/2D_3D_DP/Grid_Unique_Paths__DP_on_Grids_(DP%E2%80%A6.py,Dynamic Programming,2D-DP,,,
Yes,Grid Unique Paths 2,https://github.com/AshishSalaskar1/DS_Algo_Playground/blob/master/Track/DSA_A_to_Z/Dynamic%20Programming/2D_3D_DP/Grid_Unique_Paths_2_(DP_9).py,Dynamic Programming,2D-DP,,,
Yes,Minimum Path Sum in Grid,https://github.com/AshishSalaskar1/DS_Algo_Playground/blob/master/Track/DSA_A_to_Z/Dynamic%20Programming/2D_3D_DP/Minimum_path_sum_in_Grid_(DP_10).py,Dynamic Programming,2D-DP,,,
Yes,Minimum Path Sum in Triangular Grid,https://github.com/AshishSalaskar1/DS_Algo_Playground/blob/master/Track/DSA_A_to_Z/Dynamic%20Programming/2D_3D_DP/Minimum_path_sum_in_Triangular_Grid%E2%80%A6.py,Dynamic Programming,2D-DP,,,
Yes,Minimummaximum Falling Path Sum (d,https://github.com/AshishSalaskar1/DS_Algo_Playground/blob/master/Track/DSA_A_to_Z/Dynamic%20Programming/2D_3D_DP/MinimumMaximum_Falling_Path_Sum_(D%E2%80%A6.py,Dynamic Programming,2D-DP,,,
Yes,3 D DP Ninja and His Friends (dp,https://github.com/AshishSalaskar1/DS_Algo_Playground/blob/master/Track/DSA_A_to_Z/Dynamic%20Programming/2D_3D_DP/3-d_DP__Ninja_and_his_friends_(DP-%E2%80%A6.py,Dynamic Programming,3D-DP,,,
Yes,Subset Sum Equal to Target,https://github.com/AshishSalaskar1/DS_Algo_Playground/blob/master/Track/DSA_A_to_Z/Dynamic%20Programming/DP_Subsequences/Subset_sum_equal_to_target_(DP-_14).py,Dynamic Programming,DP-Subsequence,,,
Yes,Partition Equal Subset Sum,https://github.com/AshishSalaskar1/DS_Algo_Playground/blob/master/Track/DSA_A_to_Z/Dynamic%20Programming/DP_Subsequences/Partition_Equal_Subset_Sum_(DP-_15).py,Dynamic Programming,DP-Subsequence,,,
Yes,Partition Set into 2 Subsets with M,https://github.com/AshishSalaskar1/DS_Algo_Playground/blob/master/Track/DSA_A_to_Z/Dynamic%20Programming/DP_Subsequences/Partition_Set_Into_2_Subsets_With_M%E2%80%A6.py,Dynamic Programming,DP-Subsequence,,,
Yes,Count Subsets with Sum K,https://github.com/AshishSalaskar1/DS_Algo_Playground/blob/master/Track/DSA_A_to_Z/Dynamic%20Programming/DP_Subsequences/Count_Subsets_with_Sum_K_(DP_-_17).py,Dynamic Programming,DP-Subsequence,,,
Yes,Minimum Coins,https://github.com/AshishSalaskar1/DS_Algo_Playground/blob/master/Track/DSA_A_to_Z/Dynamic%20Programming/DP_Subsequences/Minimum_Coins_(DP_-_20).py,Dynamic Programming,DP-Subsequence,,,
Yes,Target Sum,https://github.com/AshishSalaskar1/DS_Algo_Playground/blob/master/Track/DSA_A_to_Z/Dynamic%20Programming/DP_Subsequences/Target_Sum_(DP_-_21).py,Dynamic Programming,DP-Subsequence,,,
Yes,Coin Change 2,https://github.com/AshishSalaskar1/DS_Algo_Playground/blob/master/Track/DSA_A_to_Z/Dynamic%20Programming/DP_Subsequences/Coin_Change_2_(DP_-_22).py,"Dynamic Programming, IMP",DP-Subsequence,,,
Yes,Unbounded Knapsack,https://github.com/AshishSalaskar1/DS_Algo_Playground/blob/master/Track/DSA_A_to_Z/Dynamic%20Programming/DP_Subsequences/Unbounded_Knapsack_(DP_-_23).py,"Dynamic Programming, IMP",DP-Subsequence,,,
Yes,Rod Cutting Problem,https://github.com/AshishSalaskar1/DS_Algo_Playground/blob/master/Track/DSA_A_to_Z/Dynamic%20Programming/DP_Subsequences/Rod_Cutting_Problem__(DP_-_24).py,Dynamic Programming,DP-Strings,,,
Yes,Longest Common Subsequence,https://github.com/AshishSalaskar1/DS_Algo_Playground/blob/master/Track/DSA_A_to_Z/Dynamic%20Programming/DP_Strings/Longest_Common_Subsequence__(DP_-_25).py,Dynamic Programming,DP-Strings,,,
Yes,Print Longest Common Subsequence,https://github.com/AshishSalaskar1/DS_Algo_Playground/blob/master/Track/DSA_A_to_Z/Dynamic%20Programming/DP_Strings/Print_Longest_common_Subsequence.py,Dynamic Programming,DP-Strings,,,
Yes,Longest Palindromic Subsequence (,https://github.com/AshishSalaskar1/DS_Algo_Playground/blob/master/Track/DSA_A_to_Z/Dynamic%20Programming/DP_Strings/Longest_Palindromic_Subsequence__(%E2%80%A6.py,"Dynamic Programming, IMP",DP-Strings,,,
Yes,Min Insertions to Make Palindromic String,https://github.com/AshishSalaskar1/DS_Algo_Playground/blob/master/Track/DSA_A_to_Z/Dynamic%20Programming/DP_Strings/Min_insertions_to_make_Palindromic_string.py,Dynamic Programming,DP-Strings,,,
Yes,Min Deletions to Make Strings Same,https://github.com/AshishSalaskar1/DS_Algo_Playground/blob/master/Track/DSA_A_to_Z/Dynamic%20Programming/DP_Strings/Min_Deletions_to_make_strings_same.py,Dynamic Programming,DP-Strings,,,
Yes,Edit Distance,https://github.com/AshishSalaskar1/DS_Algo_Playground/blob/master/Track/DSA_A_to_Z/Dynamic%20Programming/DP_Strings/Edit_Distance.py,"Dynamic Programming, IMP",DP-Strings,,,
Yes,Buy Sell Stocks 1,https://github.com/AshishSalaskar1/DS_Algo_Playground/blob/master/Track/DSA_A_to_Z/Dynamic%20Programming/DP_Stocks/Buy_sell_stocks_1.py,Dynamic Programming,DP-Stocks,,,
Yes,Buy Sell Stocks 2,https://github.com/AshishSalaskar1/DS_Algo_Playground/blob/master/Track/DSA_A_to_Z/Dynamic%20Programming/DP_Stocks/Buy_sell_stocks_2.py,Dynamic Programming,DP-Stocks,,,
Yes,Buy Sell Stocks 3,https://github.com/AshishSalaskar1/DS_Algo_Playground/blob/master/Track/DSA_A_to_Z/Dynamic%20Programming/DP_Stocks/Buy_sell_stocks_3.py,"Dynamic Programming, IMP",DP-Stocks,,,
Yes,Buy Sell Stocks 4,https://github.com/AshishSalaskar1/DS_Algo_Playground/blob/master/Track/DSA_A_to_Z/Dynamic%20Programming/DP_Stocks/Buy_sell_stocks_4.py,"Dynamic Programming, IMP",DP-Stocks,,,
Yes,Buy Sell Stocks with Cooldown,https://github.com/AshishSalaskar1/DS_Algo_Playground/blob/master/Track/DSA_A_to_Z/Dynamic%20Programming/DP_Stocks/Buy_sell_stocks_with_Cooldown.py,Dynamic Programming,DP-Stocks,,,
Yes,Buy Sell Stocks with Fees,https://github.com/AshishSalaskar1/DS_Algo_Playground/blob/master/Track/DSA_A_to_Z/Dynamic%20Programming/DP_Stocks/Buy_sell_stocks_with_fees.py,Dynamic Programming,DP-Stocks,,,
Yes,Longest Increasing Subsequence,https://github.com/AshishSalaskar1/DS_Algo_Playground/blob/master/Track/DSA_A_to_Z/Dynamic%20Programming/DP_LIS/Longest_Increasing_Subsequence.py,"Dynamic Programming, IMP",DP-LIS,,,
Yes,Print Lcs,https://github.com/AshishSalaskar1/DS_Algo_Playground/blob/master/Track/DSA_A_to_Z/Dynamic%20Programming/DP_LIS/Print_LCS.py,Dynamic Programming,DP-LIS,,,
Yes,Longest Increasing Subsequence,https://github.com/AshishSalaskar1/DS_Algo_Playground/blob/master/Track/DSA_A_to_Z/Dynamic%20Programming/DP_LIS/Longest_Increasing_Subsequence.py,Dynamic Programming,DP-LIS,,,
Yes,Longest Divisible Subset,https://github.com/AshishSalaskar1/DS_Algo_Playground/blob/master/Track/DSA_A_to_Z/Dynamic%20Programming/DP_LIS/Longest_Divisible_Subset.py,Dynamic Programming,DP-LIS,,,
Yes,Longest String Chain,https://github.com/AshishSalaskar1/DS_Algo_Playground/blob/master/Track/DSA_A_to_Z/Dynamic%20Programming/DP_LIS/Longest_String_Chain.py,Dynamic Programming,DP-LIS,,,
Yes,Longest Bitonic Sequence,https://github.com/AshishSalaskar1/DS_Algo_Playground/blob/master/Track/DSA_A_to_Z/Dynamic%20Programming/DP_LIS/Longest_Bitonic_Sequence.py,"Dynamic Programming, IMP",DP-LIS,,,
Yes,Number of LIS,https://github.com/AshishSalaskar1/DS_Algo_Playground/blob/master/Track/DSA_A_to_Z/Dynamic%20Programming/DP_LIS/Number_of_LIS.py,Dynamic Programming,DP-LIS,,,
Yes,Matrix Chain Multiplication,https://github.com/AshishSalaskar1/DS_Algo_Playground/blob/master/Track/DSA_A_to_Z/Dynamic%20Programming/DP_MCM/Matrix_Chain_Multiplication.py,"Bad-Luck-Just-Move-On, Dynamic Programming, IMP",DP-MCM,,,
Yes,Min Cost to Cut Stick,https://github.com/AshishSalaskar1/DS_Algo_Playground/blob/master/Track/DSA_A_to_Z/Dynamic%20Programming/DP_MCM/Min_Cost_to_cut_stick.py,Dynamic Programming,DP-MCM,,,
Yes,Burst Balloons Mine Diamonds,https://github.com/AshishSalaskar1/DS_Algo_Playground/blob/master/Track/DSA_A_to_Z/Dynamic%20Programming/DP_MCM/Burst_Balloons_Mine_Diamonds.py,"Bad-Luck-Just-Move-On, Dynamic Programming",DP-MCM,,,
Yes,Evaluate Boolean Expr to True,https://github.com/AshishSalaskar1/DS_Algo_Playground/blob/master/Track/DSA_A_to_Z/Dynamic%20Programming/DP_MCM/Evaluate_Boolean_Expr_to_True.py,"Bad-Luck-Just-Move-On,  Dynamic Programming",DP-MCM,,,
Yes,Palindrome Partitioning II,https://github.com/AshishSalaskar1/DS_Algo_Playground/blob/master/Track/DSA_A_to_Z/Dynamic%20Programming/DP_MCM/Palindrome_Partitioning_II.py,Dynamic Programming,DP-MCM,,,
Yes,Partition Array to Max Sum,https://github.com/AshishSalaskar1/DS_Algo_Playground/blob/master/Track/DSA_A_to_Z/Dynamic%20Programming/DP_MCM/Partition_array_to_max_sum.py,Dynamic Programming,DP-MCM,,,
Yes,Maximal Rectangles,https://github.com/AshishSalaskar1/DS_Algo_Playground/blob/master/Track/DSA_A_to_Z/Stacks_Queues/NGE_NLE/Maximal_Rectangles.py," Dynamic Programming, IMP, Monotonic Stack, Trick",DP-Squares,,,
Yes,Traversals in One Iteration,https://github.com/AshishSalaskar1/DS_Algo_Playground/blob/master/Track/DSA_A_to_Z/Binary%20Trees/Traversal_View_Based/Traversals_in_one_iteration.py,Binary Trees,Traversals,,,
Yes,Height of a Binary Tree,https://github.com/AshishSalaskar1/DS_Algo_Playground/blob/master/Track/DSA_A_to_Z/Binary%20Trees/Height_of_a_Binary_Tree.py,Binary Trees,,,,
Yes,Balanced Tree or Not,https://github.com/AshishSalaskar1/DS_Algo_Playground/blob/master/Track/DSA_A_to_Z/Binary%20Trees/balanced_tree_or_not.py,Binary Trees,,,,
Yes,Diameter of Binary Tree,https://github.com/AshishSalaskar1/DS_Algo_Playground/blob/master/Track/DSA_A_to_Z/Binary%20Trees/Diameter_of_binary_tree.py,"Binary Trees, IMP",,,,
Yes,Maximum Path Sum,https://github.com/AshishSalaskar1/DS_Algo_Playground/blob/master/Track/DSA_A_to_Z/Binary%20Trees/Path%20Based/Maximum_path_sum.py,Binary Trees,Distance-Based,,,
Yes,Identical Trees,https://github.com/AshishSalaskar1/DS_Algo_Playground/blob/master/Track/DSA_A_to_Z/Binary%20Trees/Identical_trees.py,Binary Trees,,,,
Yes,Zig Zig Traversal,https://github.com/AshishSalaskar1/DS_Algo_Playground/blob/master/Track/DSA_A_to_Z/Binary%20Trees/Traversal_View_Based/Zig_Zig_Traversal.py,Binary Trees,Traversals,,,
Yes,Boundary Traversal,https://github.com/AshishSalaskar1/DS_Algo_Playground/blob/master/Track/DSA_A_to_Z/Binary%20Trees/Traversal_View_Based/boundary_traversal.py,"Binary Trees, IMP",Traversals,,,
Yes,Vertical Order Traversal,https://github.com/AshishSalaskar1/DS_Algo_Playground/blob/master/Track/DSA_A_to_Z/Binary%20Trees/Traversal_View_Based/Vertical_order_traversal.py,"Binary Trees, IMP",Traversals,,,
Yes,Top View Tree,https://github.com/AshishSalaskar1/DS_Algo_Playground/blob/master/Track/DSA_A_to_Z/Binary%20Trees/Traversal_View_Based/top_view_tree.py,"Binary Trees, IMP",Views,,,
Yes,Bottom View Tree,https://github.com/AshishSalaskar1/DS_Algo_Playground/blob/master/Track/DSA_A_to_Z/Binary%20Trees/Traversal_View_Based/bottom_view_tree.py,"Binary Trees, IMP",Views,,,
Yes,Right Left View Binary Tree,https://github.com/AshishSalaskar1/DS_Algo_Playground/blob/master/Track/DSA_A_to_Z/Binary%20Trees/Traversal_View_Based/Right_Left_View_Binary_tree.py,"Binary Trees, IMP",Views,,,
Yes,Symmetric Binary Tree,https://github.com/AshishSalaskar1/DS_Algo_Playground/blob/master/Track/DSA_A_to_Z/Binary%20Trees/Symmetric_binary_tree.py,Binary Trees,,,,
Yes,Path Root to Node,https://github.com/AshishSalaskar1/DS_Algo_Playground/blob/master/Track/DSA_A_to_Z/Binary%20Trees/Path%20Based/Path_Root_to_node.py,Binary Trees,Distance-Based,,,
Yes,Lowest Common Ancestor,https://github.com/AshishSalaskar1/DS_Algo_Playground/blob/master/Track/DSA_A_to_Z/Binary%20Trees/Path%20Based/Lowest_common_ancestor.py,"Binary Trees, IMP",,,,
Yes,Max Width of Binary Tree,https://github.com/AshishSalaskar1/DS_Algo_Playground/blob/master/Track/DSA_A_to_Z/Binary%20Trees/Max_width_of_binary_tree.py,"Binary Trees, IMP",,,,
Yes,Check Children Sum Property,https://github.com/AshishSalaskar1/DS_Algo_Playground/blob/master/Track/DSA_A_to_Z/Binary%20Trees/Check_Children_Sum_Property.py,Binary Trees,,,,
Yes,Nodes at Distance K from Target,https://github.com/AshishSalaskar1/DS_Algo_Playground/blob/master/Track/DSA_A_to_Z/Binary%20Trees/Tree_to_Graphs/Nodes_at_distance_k_from_target.py,"Binary Trees, IMP",Tree-to-Graph,,,
Yes,Burn Tree,https://github.com/AshishSalaskar1/DS_Algo_Playground/blob/master/Track/DSA_A_to_Z/Binary%20Trees/Traversal_View_Based/burn_tree.py,Binary Trees,,,,
Yes,Tree from Inorder Preorder,https://github.com/AshishSalaskar1/DS_Algo_Playground/blob/master/Track/DSA_A_to_Z/Binary%20Trees/Traversal_View_Based/Tree_from_inorder_preorder.py,"Binary Trees, IMP",,,,
Yes,Tree from Inorder Postorder,https://github.com/AshishSalaskar1/DS_Algo_Playground/blob/master/Track/DSA_A_to_Z/Binary%20Trees/Traversal_View_Based/Tree_from_inorder_postorder.py,"Binary Trees, IMP",,,,
Yes,Serialize Deserialize Tree,https://github.com/AshishSalaskar1/DS_Algo_Playground/blob/master/Track/DSA_A_to_Z/Binary%20Trees/Serialize_Deserialize_Tree.py,"Binary Trees, IMP",,,,
Yes,Morris Preorder,https://github.com/AshishSalaskar1/DS_Algo_Playground/blob/master/Track/DSA_A_to_Z/Binary%20Trees/Traversal_View_Based/Morris_Preorder.py,"Binary Trees, IMP",Traversals,,,
Yes,Morris Inorder,https://github.com/AshishSalaskar1/DS_Algo_Playground/blob/master/Track/DSA_A_to_Z/Binary%20Trees/Traversal_View_Based/Morris_Inorder.py,Binary Trees,Traversals,,,
Yes,Flatten Tree to Linked List,https://github.com/AshishSalaskar1/DS_Algo_Playground/blob/master/Track/DSA_A_to_Z/Binary%20Trees/Traversal_View_Based/Flatten_Tree_to_linked_list.py,"Binary Trees, IMP",,,,
Yes,Insert Node in BST,https://github.com/AshishSalaskar1/DS_Algo_Playground/blob/master/Track/DSA_A_to_Z/Binary%20Search%20Trees/Insert_Node_in_BST.py,BST,,,,
Yes,Delete Node in BST,https://github.com/AshishSalaskar1/DS_Algo_Playground/blob/master/Track/DSA_A_to_Z/Binary%20Search%20Trees/Delete_node_in_BST.py,BST,,,,
Yes,Find K Smallest in BST,https://github.com/AshishSalaskar1/DS_Algo_Playground/blob/master/Track/DSA_A_to_Z/Binary%20Search%20Trees/Find_K_smallest_in_BST.py,BST,,,,
Yes,Valid BST,https://github.com/AshishSalaskar1/DS_Algo_Playground/blob/master/Track/DSA_A_to_Z/Binary%20Search%20Trees/Valid_BST.py,BST,,,,
Yes,LCA in BST,https://github.com/AshishSalaskar1/DS_Algo_Playground/blob/master/Track/DSA_A_to_Z/Binary%20Trees/BST/LCA_in_BST.py,"BST, IMP",,,,
Yes,BST from Inorder,https://github.com/AshishSalaskar1/DS_Algo_Playground/blob/master/Track/DSA_A_to_Z/Binary%20Search%20Trees/BST_from_inorder.py,"BST, IMP",Traversals,,,
Yes,BST Iterator,https://github.com/AshishSalaskar1/DS_Algo_Playground/blob/master/Track/DSA_A_to_Z/Binary%20Search%20Trees/BST_Iterator.py,"BST, IMP",Traversals,,,
Yes,Two Sum in BST,https://github.com/AshishSalaskar1/DS_Algo_Playground/blob/master/Track/DSA_A_to_Z/Binary%20Search%20Trees/Two_Sum_in_BST.py,BST,,,,
Yes,Recover Swapped Nodes BST,https://github.com/AshishSalaskar1/DS_Algo_Playground/blob/master/Track/DSA_A_to_Z/Binary%20Search%20Trees/Recover_Swapped_Nodes_BST.py,BST,,,,
Yes,BFS,https://github.com/AshishSalaskar1/DS_Algo_Playground/blob/master/Track/DSA_A_to_Z/Graphs/BFS_DFS/BFS.py,Graphs,BFS/DFS,Easy,,
Yes,DFS,https://github.com/AshishSalaskar1/DS_Algo_Playground/blob/master/Track/DSA_A_to_Z/Graphs/BFS_DFS/DFS.py,Graphs,BFS/DFS,Easy,,
Yes,Number of Provinces,https://github.com/AshishSalaskar1/DS_Algo_Playground/blob/master/Track/DSA_A_to_Z/Graphs/BFS_DFS/Number_of_provinces_(leetcode).py,Graphs,BFS/DFS,,,
Yes,Rotten Oranges,https://github.com/AshishSalaskar1/DS_Algo_Playground/blob/master/Track/DSA_A_to_Z/Graphs/BFS_DFS/Rotten_Oranges.py,Graphs,BFS/DFS,,,
Yes,Flood Fill,https://github.com/AshishSalaskar1/DS_Algo_Playground/blob/master/Track/DSA_A_to_Z/Graphs/BFS_DFS/Flood_fill.py,Graphs,"BFS/DFS, Flood-Fill",,,
Yes,Evaluate Divisions,https://github.com/AshishSalaskar1/DS_Algo_Playground/blob/master/Track/DSA_A_to_Z/Graphs/BFS_DFS/Evaluate_Divisions.py,"Contest, Graphs, IMP, Trick",,,,
Yes,Reorder Routes to Reach Base,https://github.com/AshishSalaskar1/DS_Algo_Playground/blob/master/Track/DSA_A_to_Z/Graphs/BFS_DFS/Reorder_routes_to_reach_base.py,"Contest, Graphs, IMP, Trick",,,,
Yes,Cycle Detection in Undirected Graph,https://github.com/AshishSalaskar1/DS_Algo_Playground/blob/master/Track/DSA_A_to_Z/Graphs/BFS_DFS/Cycle_Detection_in_undirected_Graph%E2%80%A6.py,"Graphs, IMP",BFS/DFS,,,
Yes,Cycle Detection in Unirected Graph,https://github.com/AshishSalaskar1/DS_Algo_Playground/blob/master/Track/DSA_A_to_Z/Graphs/BFS_DFS/Cycle_Detection_in_unirected_Graph_%E2%80%A6.py,Graphs,BFS/DFS,,,
Yes,01 Matrix,https://github.com/AshishSalaskar1/DS_Algo_Playground/blob/master/Track/DSA_A_to_Z/Graphs/BFS_DFS/01_Matrix_(Bfs_Problem).py,Graphs,BFS/DFS,,,
Yes,Surrounded Regions,https://github.com/AshishSalaskar1/DS_Algo_Playground/blob/master/Track/DSA_A_to_Z/Graphs/BFS_DFS/Surrounded_Regions_(dfs).py,Graphs,BFS/DFS,,,
Yes,Number of Enclaves [flood Fill Impl,https://github.com/AshishSalaskar1/DS_Algo_Playground/blob/master/Track/DSA_A_to_Z/Graphs/BFS_DFS/Number_of_Enclaves_%5Bflood_fill_impl%E2%80%A6.py,Graphs,"BFS/DFS, Flood-Fill",,,
Yes,Word Ladder BFS,https://github.com/AshishSalaskar1/DS_Algo_Playground/blob/master/Track/DSA_A_to_Z/Graphs/BFS_DFS/Word_Ladder_BFS.py,"Graphs, IMP",BFS/DFS,,,
Yes,Number of Distinct Islands [dfs Mul,https://github.com/AshishSalaskar1/DS_Algo_Playground/blob/master/Track/DSA_A_to_Z/Graphs/BFS_DFS/Number_of_Distinct_Islands_%5Bdfs_mul%E2%80%A6.py,"Graphs, IMP",BFS/DFS,,,
Yes,Cycle Detection in Directed Graph (,https://github.com/AshishSalaskar1/DS_Algo_Playground/blob/master/Track/DSA_A_to_Z/Graphs/BFS_DFS/Cycle_Detection_in_Directed_Graph_(%E2%80%A6.py,"Graphs, IMP",BFS/DFS,,,
Yes,Topo Sort,https://github.com/AshishSalaskar1/DS_Algo_Playground/blob/master/Track/DSA_A_to_Z/Graphs/Topo_Sort/Topo_Sort.py,"Graphs, IMP",Topo Sort,,,
Yes,Kahn's Algorithm,https://github.com/AshishSalaskar1/DS_Algo_Playground/blob/master/Track/DSA_A_to_Z/Graphs/Topo_Sort/Kahn's_Algorithm.py,"Graphs, IMP",Topo Sort,,,
Yes,Course Schedule I,https://github.com/AshishSalaskar1/DS_Algo_Playground/blob/master/Track/DSA_A_to_Z/Graphs/Topo_Sort/Course_Schedule_-_I.py,Graphs,Topo Sort,,,
Yes,Course Schedule II,https://github.com/AshishSalaskar1/DS_Algo_Playground/blob/master/Track/DSA_A_to_Z/Graphs/Topo_Sort/Course_Schedule_-_II.py,Graphs,Topo Sort,,,
Yes,Alien Dictionary,https://github.com/AshishSalaskar1/DS_Algo_Playground/blob/master/Track/DSA_A_to_Z/Graphs/Topo_Sort/Alien_Dictionary.py,Graphs,Topo Sort,,,
Yes,Shortest Path in Binary Maze,https://github.com/AshishSalaskar1/DS_Algo_Playground/blob/master/Track/DSA_A_to_Z/Graphs/Distance_Based/Shortest_path_in_binary_maze.py,"DP, Graphs",Distance-Based,,,
Yes,Dijkstras,https://github.com/AshishSalaskar1/DS_Algo_Playground/blob/master/Track/DSA_A_to_Z/Graphs/Distance_Based/Dijkstras.py,Graphs,Distance-Based,,,
Yes,Dijkstras,https://github.com/AshishSalaskar1/DS_Algo_Playground/blob/master/Track/DSA_A_to_Z/Graphs/Distance_Based/Dijkstras.py,Graphs,"Distance-Based, Djikstras",,,
Yes,Shortest Path in Binary Maze,https://github.com/AshishSalaskar1/DS_Algo_Playground/blob/master/Track/DSA_A_to_Z/Graphs/Distance_Based/Shortest_path_in_binary_maze.py,Graphs,"Distance-Based, Djikstras",,,
Yes,Cheapest Flights at Most K Stops,https://github.com/AshishSalaskar1/DS_Algo_Playground/blob/master/Track/DSA_A_to_Z/Graphs/Distance_Based/Cheapest_flights_at_most_k_stops.py,Graphs,"Distance-Based, Djikstras",,,
Yes,Network Delay Time,https://github.com/AshishSalaskar1/DS_Algo_Playground/blob/master/Track/DSA_A_to_Z/Graphs/Distance_Based/Network_Delay_Time.py,Graphs,"Distance-Based, Djikstras",,,
Yes,Ways to Arrive at Destination,https://github.com/AshishSalaskar1/DS_Algo_Playground/blob/master/Track/DSA_A_to_Z/Graphs/Distance_Based/Ways_to_arrive_at_destination.py,Graphs,"Distance-Based, Djikstras",,,
Yes,Start End Multiplying Array Elements,https://github.com/AshishSalaskar1/DS_Algo_Playground/blob/master/Track/DSA_A_to_Z/Graphs/Distance_Based/Start_end_multiplying_array_elements.py,"Graphs, IMP, Trick",Distance-Based,,,
Yes,Bellman Ford Algo,https://github.com/AshishSalaskar1/DS_Algo_Playground/blob/master/Track/DSA_A_to_Z/Graphs/Distance_Based/Bellman_Ford_Algo.py,"Graphs, IMP",Distance-Based,,,
Yes,Floyd Warsall All Pair Shortest Path,https://github.com/AshishSalaskar1/DS_Algo_Playground/blob/master/Track/DSA_A_to_Z/Graphs/Distance_Based/Floyd_warsall_all_pair_shortest_path.py,"Graphs, IMP",Distance-Based,,,
Yes,City with Smallest Num Nbrs in K Dist,https://github.com/AshishSalaskar1/DS_Algo_Playground/blob/master/Track/DSA_A_to_Z/Graphs/Distance_Based/City_with_smallest_num_nbrs_in_K_dist.py,Graphs,"Distance-Based, Floyd-Warshall",,,
Yes,Prims Algorithm MST,https://github.com/AshishSalaskar1/DS_Algo_Playground/blob/master/Track/DSA_A_to_Z/Graphs/MST/Prims_Algorithm_MST.py,"Graphs, MST",,,,
Yes,Prims Algorithm MST,https://github.com/AshishSalaskar1/DS_Algo_Playground/blob/master/Track/DSA_A_to_Z/Graphs/MST/Prims_Algorithm_MST.py,"Graphs, MST",,,,
Yes,Disjoint Set Size,https://github.com/AshishSalaskar1/DS_Algo_Playground/blob/master/Track/DSA_A_to_Z/Graphs/Disjoint_Set_OR_Union_Find/Disjoint_Set_Size.py,"IMP, Union-Find",,,,
Yes,Kruskals MST,https://github.com/AshishSalaskar1/DS_Algo_Playground/blob/master/Track/DSA_A_to_Z/Graphs/Disjoint_Set_OR_Union_Find/Kruskals_MST.py,Union-Find,,,,
Yes,Min Ops to Connect Network,https://github.com/AshishSalaskar1/DS_Algo_Playground/blob/master/Track/DSA_A_to_Z/Graphs/Disjoint_Set_OR_Union_Find/Min_ops_to_connect_network.py,Union-Find,,,,
Yes,Remove Stones in Same Row or Col,https://github.com/AshishSalaskar1/DS_Algo_Playground/blob/master/Track/DSA_A_to_Z/Graphs/Disjoint_Set_OR_Union_Find/Remove_stones_in_same_row_or_col.py,Union-Find,,,,
Yes,Merge Accounts,https://github.com/AshishSalaskar1/DS_Algo_Playground/blob/master/Track/DSA_A_to_Z/Graphs/Disjoint_Set_OR_Union_Find/Merge_Accounts.py,"IMP, Union-Find",,Hard,,
Yes,Num Islands After Each Connection,https://github.com/AshishSalaskar1/DS_Algo_Playground/blob/master/Track/DSA_A_to_Z/Graphs/Disjoint_Set_OR_Union_Find/Num_islands_after_each_connection.py,Union-Find,,,,
Yes,Make Largest Island,https://github.com/AshishSalaskar1/DS_Algo_Playground/blob/master/Track/DSA_A_to_Z/Graphs/Disjoint_Set_OR_Union_Find/Make_largest_island.py,Union-Find,,,,
Yes,Swim in Rising Water,https://github.com/AshishSalaskar1/DS_Algo_Playground/blob/master/Track/DSA_A_to_Z/Graphs/Disjoint_Set_OR_Union_Find/Swim_in_rising_water.py,Union-Find,,,,
Yes,Implement Trie,https://github.com/AshishSalaskar1/DS_Algo_Playground/blob/master/Track/DSA_A_to_Z/Tries/Implement_Trie.py,Tries,,,,
Yes,Trie Delete Operation,https://github.com/AshishSalaskar1/DS_Algo_Playground/blob/master/Track/DSA_A_to_Z/Tries/Trie_Delete_operation.py,Tries,,,,
Yes,Search Recommendation System,https://github.com/AshishSalaskar1/DS_Algo_Playground/blob/master/Track/DSA_A_to_Z/Tries/Search_recommendation_System.py,Tries,,,,
Yes,Next Greater Element I II,https://github.com/AshishSalaskar1/DS_Algo_Playground/blob/master/Track/DSA_A_to_Z/Stacks_Queues/NGE_NLE/Next_Greater_Element_I_II.py,"IMP, Monotonic Stack, NGE/NLE",,,,
Yes,Next Greater Element I II,https://github.com/AshishSalaskar1/DS_Algo_Playground/blob/master/Track/DSA_A_to_Z/Stacks_Queues/NGE_NLE/Next_Greater_Element_I_II.py,"Monotonic Stack, NGE/NLE",,,,
Yes,Daily Temperatures,https://github.com/AshishSalaskar1/DS_Algo_Playground/blob/master/Track/DSA_A_to_Z/Stacks_Queues/NGE_NLE/Daily_Temperatures.py,"Monotonic Stack, NGE/NLE",,,,
Yes,Trapping Rain Water,https://github.com/AshishSalaskar1/DS_Algo_Playground/blob/master/Track/DSA_A_to_Z/Stacks_Queues/NGE_NLE/Trapping_Rain_Water.py,"Monotonic Stack, NGE/NLE",,,,
Yes,Sum of Subarray Minimums,https://github.com/AshishSalaskar1/DS_Algo_Playground/blob/master/Track/DSA_A_to_Z/Stacks_Queues/NGE_NLE/Sum_of_Subarray_Minimums.py,"IMP, Monotonic Stack, NGE/NLE",,,,
Yes,Asteriod Collision,https://github.com/AshishSalaskar1/DS_Algo_Playground/blob/master/Track/DSA_A_to_Z/Stacks_Queues/Asteriod_Collision.py,"Monotonic Stack, NGE/NLE",,,,
Yes,Remove K Digits,https://github.com/AshishSalaskar1/DS_Algo_Playground/blob/master/Track/DSA_A_to_Z/Stacks_Queues/Monotonic_Incr_Decr_Queue/Remove_K_digits.py,Monotonic Stack,,,,
Yes,Maximal Rectangles,https://github.com/AshishSalaskar1/DS_Algo_Playground/blob/master/Track/DSA_A_to_Z/Stacks_Queues/NGE_NLE/Maximal_Rectangles.py,Monotonic Stack,,,,
Yes,Area of Largest Rectangle,https://github.com/AshishSalaskar1/DS_Algo_Playground/blob/master/Track/DSA_A_to_Z/Stacks_Queues/NGE_NLE/Area_of_largest_rectangle.py,Monotonic Stack,,,,
Yes,Sliding Window Maximums,https://github.com/AshishSalaskar1/DS_Algo_Playground/blob/master/Track/DSA_A_to_Z/Stacks_Queues/Monotonic_Incr_Decr_Queue/Sliding_Window_Maximums.py,Stack,,Hard,,
Yes,Online Stock Spans,https://github.com/AshishSalaskar1/DS_Algo_Playground/blob/master/Track/DSA_A_to_Z/Stacks_Queues/Monotonic_Incr_Decr_Queue/Online_stock_spans.py,Stack,,Hard,,
Yes,LRU Dll,https://github.com/AshishSalaskar1/DS_Algo_Playground/blob/master/Track/DSA_A_to_Z/LinkedList/LRU_DLL.py,"IMP, Linked List, Stack",,Hard,,
Yes,LFU Tie LRU,https://github.com/AshishSalaskar1/DS_Algo_Playground/blob/master/Track/DSA_A_to_Z/LinkedList/LFU_tie_LRU.py,"IMP, Linked List, Stack",,Hard,,
Yes,Longest Substring Without Repeating Characters,https://github.com/AshishSalaskar1/DS_Algo_Playground/blob/master/Track/DSA_A_to_Z/Sliding_Window_Two_Pointer/Longest_Substring_Without_Repeating_Characters.py,"Sliding Window, Two Pointer",,,,
Yes,Max Consecutive Ones III,https://github.com/AshishSalaskar1/DS_Algo_Playground/blob/master/Track/DSA_A_to_Z/Sliding_Window_Two_Pointer/Max_Consecutive_Ones_III.py,"Sliding Window, Two Pointer",,,,
Yes,Longest Repeating Char Replacement,https://github.com/AshishSalaskar1/DS_Algo_Playground/blob/master/Track/DSA_A_to_Z/Sliding_Window_Two_Pointer/Longest_Repeating_char_replacement.py,"Sliding Window, Two Pointer",,,,
Yes,Binary Subarray Sum,https://github.com/AshishSalaskar1/DS_Algo_Playground/blob/master/Track/DSA_A_to_Z/Sliding_Window_Two_Pointer/Binary_Subarray_sum.py,"Prefix Sum, Sliding Window, Two Pointer",,,,
Yes,Num of Nice Subarrays,https://github.com/AshishSalaskar1/DS_Algo_Playground/blob/master/Track/DSA_A_to_Z/Sliding_Window_Two_Pointer/Num_of_nice_subarrays.py,"Sliding Window, Two Pointer",,,,
Yes,Num Substrings Containing All 3 Chars,https://github.com/AshishSalaskar1/DS_Algo_Playground/blob/master/Track/DSA_A_to_Z/Sliding_Window_Two_Pointer/Num_substrings_containing_all_3_chars.py,"Sliding Window, Two Pointer",,,,
Yes,Max Points from Picking Cards,https://github.com/AshishSalaskar1/DS_Algo_Playground/blob/master/Track/DSA_A_to_Z/Sliding_Window_Two_Pointer/Max_Points_from_picking_cards.py,"Sliding Window, Two Pointer",,,,
Yes,Min Heap,https://github.com/AshishSalaskar1/DS_Algo_Playground/blob/master/Track/DSA_A_to_Z/Heaps/Min_Heap.py,"Heaps, IMP",,,,
Yes,Max Heap,https://github.com/AshishSalaskar1/DS_Algo_Playground/blob/master/Track/DSA_A_to_Z/Heaps/Max_Heap.py,"Heaps, IMP",,,,
Yes,K Largest Element,https://github.com/AshishSalaskar1/DS_Algo_Playground/blob/master/Track/DSA_A_to_Z/Heaps/K_largest_element.py,Heaps,,Easy,,
Yes,Merge K Sorted Ll,https://github.com/AshishSalaskar1/DS_Algo_Playground/blob/master/Track/DSA_A_to_Z/Heaps/Merge_K_Sorted_LL.py,"Heaps, IMP",,,,
Yes,Task Scheduler,https://github.com/AshishSalaskar1/DS_Algo_Playground/blob/master/Track/DSA_A_to_Z/Heaps/Task_Scheduler.py,"Heaps, IMP",,,,
Yes,Hand of Straights,https://github.com/AshishSalaskar1/DS_Algo_Playground/blob/master/Track/DSA_A_to_Z/Heaps/Hand_of_Straights.py,"Heaps, IMP",,,,
Yes,Design Twitter,https://github.com/AshishSalaskar1/DS_Algo_Playground/blob/master/Track/DSA_A_to_Z/Heaps/Design_Twitter.py,Heaps,,Hard,,
Yes,K Largest Element in Stream,https://github.com/AshishSalaskar1/DS_Algo_Playground/blob/master/Track/DSA_A_to_Z/Heaps/K_largest_element_in_Stream.py,"Heaps, IMP",,Hard,,
Yes,Median in Stream,https://github.com/AshishSalaskar1/DS_Algo_Playground/blob/master/Track/DSA_A_to_Z/Heaps/Median_in_Stream.py,"Heaps, IMP, Memorize",,Hard,,
Yes,Smallest Number in Infinite Set,https://github.com/AshishSalaskar1/DS_Algo_Playground/blob/master/Track/DSA_A_to_Z/Heaps/Smallest_number_in_infinite_set.py,"Contest, Heaps",,,,
Yes,Valid Paranthesis Checker,https://github.com/AshishSalaskar1/DS_Algo_Playground/blob/master/Track/DSA_A_to_Z/Greedy/Valid_Paranthesis_Checker.py,Greedy,,,,
Yes,N Meetings in Room,https://github.com/AshishSalaskar1/DS_Algo_Playground/blob/master/Track/DSA_A_to_Z/Greedy/N_meetings_in_room.py,Greedy,,,,
Yes,Min Railway Platforms Needed,https://github.com/AshishSalaskar1/DS_Algo_Playground/blob/master/Track/DSA_A_to_Z/Greedy/Min_railway_platforms_needed.py,Greedy,,,,
Yes,Job Sequencing Problem,https://github.com/AshishSalaskar1/DS_Algo_Playground/blob/master/Track/DSA_A_to_Z/Greedy/Job_Sequencing_Problem.py,"Greedy, IMP",,,,
Yes,Candy Hard,https://github.com/AshishSalaskar1/DS_Algo_Playground/blob/master/Track/DSA_A_to_Z/Greedy/Candy_hard.py,"Greedy, IMP",,,,
Yes,Insert Intervals,https://github.com/AshishSalaskar1/DS_Algo_Playground/blob/master/Track/DSA_A_to_Z/Greedy/Merge%20Interval%20Based/Insert_Intervals.py,"Greedy, Intervals",,,,
Yes,Merge Intervals,https://github.com/AshishSalaskar1/DS_Algo_Playground/blob/master/Track/DSA_A_to_Z/Greedy/Merge%20Interval%20Based/Merge_Intervals.py,"Greedy, IMP, Intervals",,,,
Yes,Non Overlapping Intervals,https://github.com/AshishSalaskar1/DS_Algo_Playground/blob/master/Track/DSA_A_to_Z/Greedy/Merge%20Interval%20Based/Non_Overlapping_Intervals.py,"Greedy, IMP, Intervals",,,,
Yes,2sum Problem,https://github.com/AshishSalaskar1/DS_Algo_Playground/blob/master/Track/DSA_A_to_Z/Arrays/2Sum_Problem.py,Arrays,,,,
Yes,"Sort an Array of 0's, 1's and 2's",https://github.com/AshishSalaskar1/DS_Algo_Playground/blob/master/Track/DSA_A_to_Z/Arrays/Sort_an_array_of_0's%2C_1's_and_2's.py,"Arrays, IMP",,,,
Yes,Majority Element,https://github.com/AshishSalaskar1/DS_Algo_Playground/blob/master/Track/DSA_A_to_Z/Arrays/Majority_Element_(n2_times).py,Arrays,,,,
Yes,Majority Element,https://github.com/AshishSalaskar1/DS_Algo_Playground/blob/master/Track/DSA_A_to_Z/Arrays/Majority_Element_(n3_times).py,Arrays,,,,
Yes,Kadane's Algorithm,https://github.com/AshishSalaskar1/DS_Algo_Playground/blob/master/Track/DSA_A_to_Z/Arrays/Kadane's_Algorithm.py,"Arrays, IMP",,,,
Yes,Stock Buy and Sell,https://github.com/AshishSalaskar1/DS_Algo_Playground/blob/master/Track/DSA_A_to_Z/Arrays/Stock_Buy_and_Sell.py,Arrays,,,,
Yes,Next Permutation,https://github.com/AshishSalaskar1/DS_Algo_Playground/blob/master/Track/DSA_A_to_Z/Arrays/Next_Permutation.py,"Arrays, IMP",,,,
Yes,Leaders in an Array Problem,https://github.com/AshishSalaskar1/DS_Algo_Playground/blob/master/Track/DSA_A_to_Z/Arrays/Leaders_in_an_Array_problem.py,Arrays,,,,
Yes,Set Matrix Zeros,https://github.com/AshishSalaskar1/DS_Algo_Playground/blob/master/Track/DSA_A_to_Z/Arrays/2D_Matrix_Based/Set_Matrix_Zeros.py,Arrays,,,,
Yes,Rotate Matrix,https://github.com/AshishSalaskar1/DS_Algo_Playground/blob/master/Track/DSA_A_to_Z/Arrays/2D_Matrix_Based/Rotate_Matrix.py,"Arrays, IMP, Trick",,,,
Yes,Spiral Matrix,https://github.com/AshishSalaskar1/DS_Algo_Playground/blob/master/Track/DSA_A_to_Z/Arrays/2D_Matrix_Based/Spiral_matrix.py,"Arrays, IMP",,,,
Yes,Count Subarrays with Given Sum,https://github.com/AshishSalaskar1/DS_Algo_Playground/blob/master/Track/DSA_A_to_Z/Arrays/Prefix%20Sum/Count_Subarrays_with_given_sum.py,Arrays,,,,
Yes,Pascal's Triangle,https://github.com/AshishSalaskar1/DS_Algo_Playground/blob/master/Track/DSA_A_to_Z/Arrays/Pascal's_Triangle.py,Arrays,,,,
Yes,3 Sum Problem,https://github.com/AshishSalaskar1/DS_Algo_Playground/blob/master/Track/DSA_A_to_Z/Arrays/3_sum_problem.py,"Arrays, IMP",,,,
Yes,4 Sum Problem,https://github.com/AshishSalaskar1/DS_Algo_Playground/blob/master/Track/DSA_A_to_Z/Arrays/4_sum_problem.py,Arrays,,,,
Yes,Largest Subarray with 0 Sum,https://github.com/AshishSalaskar1/DS_Algo_Playground/blob/master/Track/DSA_A_to_Z/Arrays/Prefix%20Sum/Largest_Subarray_with_0_sum.py,Arrays,,,,
Yes,Merge Overlapping Subintervals,https://github.com/AshishSalaskar1/DS_Algo_Playground/blob/master/Track/DSA_A_to_Z/Arrays/Intervals/Merge_Overlapping_Subintervals.py,"Arrays, IMP, Intervals",,,,
Yes,Merge Two Sorted Arrays Without Extra Spacâ€¦,https://github.com/AshishSalaskar1/DS_Algo_Playground/blob/master/Track/DSA_A_to_Z/Arrays/Merge_two_sorted_arrays_without_extra_spac%C3%A2%E2%82%AC%C2%A6.py,Arrays,,,,
Yes,Max Subarray Product,https://github.com/AshishSalaskar1/DS_Algo_Playground/blob/master/Track/DSA_A_to_Z/Arrays/Prefix%20Sum/Max_subarray_product.py,"Arrays, IMP",,,,
Yes,Koko Eating Bananas,https://github.com/AshishSalaskar1/DS_Algo_Playground/blob/master/Track/DSA_A_to_Z/Binary%20Search/Koko_Eating_Bananas.py,BS+Answers,,,,
Yes,Min Days to Make Bouquets,https://github.com/AshishSalaskar1/DS_Algo_Playground/blob/master/Track/DSA_A_to_Z/Binary%20Search/Min_days_to_make_bouquets.py,BS+Answers,,,,
Yes,Smallest Divisor Given Threshold,https://github.com/AshishSalaskar1/DS_Algo_Playground/blob/master/Track/DSA_A_to_Z/Binary%20Search/Smallest_Divisor_given_threshold.py,BS+Answers,,,,
Yes,Capacity to Ship Packages,https://github.com/AshishSalaskar1/DS_Algo_Playground/blob/master/Track/DSA_A_to_Z/Binary%20Search/Capacity_to_ship_packages.py,BS+Answers,,,,
Yes,Kth Missing Positive Number,https://github.com/AshishSalaskar1/DS_Algo_Playground/blob/master/Track/DSA_A_to_Z/Binary%20Search/Kth_Missing_Positive_Number.py,BS+Answers,,,,
Yes,Book Allocation Problem,https://github.com/AshishSalaskar1/DS_Algo_Playground/blob/master/Track/DSA_A_to_Z/Binary%20Search/Book_Allocation_Problem.py,"BS+Answers, IMP",,,,
Yes,Painters Partition,https://github.com/AshishSalaskar1/DS_Algo_Playground/blob/master/Track/DSA_A_to_Z/Binary%20Search/Painters_Partition.py,"BS+Answers, IMP, Trick",,,,
Yes,Median of Sorted Arrays,https://github.com/AshishSalaskar1/DS_Algo_Playground/blob/master/Track/DSA_A_to_Z/Binary%20Search/Median_of_sorted_arrays.py,"BS+Answers, IMP",,,,
Yes,Pair Spells Potions,https://github.com/AshishSalaskar1/DS_Algo_Playground/blob/master/Track/DSA_A_to_Z/Binary%20Search/Pair_Spells_Potions.py,BS+Answers,,,,
Yes,Floor and Ceil,https://github.com/AshishSalaskar1/DS_Algo_Playground/blob/master/Track/DSA_A_to_Z/Binary%20Search/Floor_and_Ceil.py,"BS, IMP",,,,
Yes,First and Last Occurence of Number,https://github.com/AshishSalaskar1/DS_Algo_Playground/blob/master/Track/DSA_A_to_Z/Binary%20Search/First_and_last_occurence_of_number.py,BS,,,,
Yes,Bin Search Sorted Rotated Array,https://github.com/AshishSalaskar1/DS_Algo_Playground/blob/master/Track/DSA_A_to_Z/Binary%20Search/Bin_Search_Sorted_Rotated_Array.py,BS,,,,
Yes,Minimum in Sorted Rotated Array,https://github.com/AshishSalaskar1/DS_Algo_Playground/blob/master/Track/DSA_A_to_Z/Binary%20Search/Minimum_in_Sorted_Rotated_Array.py,BS,,,,
Yes,Dll Insert Delete,https://github.com/AshishSalaskar1/DS_Algo_Playground/blob/master/Track/DSA_A_to_Z/LinkedList/DLL_Insert_Delete.py,Linked List,DLL,,,
Yes,Dll Insert Delete,https://github.com/AshishSalaskar1/DS_Algo_Playground/blob/master/Track/DSA_A_to_Z/LinkedList/DLL_Insert_Delete.py,Linked List,DLL,,,
Yes,Reverse Ll Dll,https://github.com/AshishSalaskar1/DS_Algo_Playground/blob/master/Track/DSA_A_to_Z/LinkedList/Reverse_LL_DLL.py,Linked List,DLL,,,
Yes,Middle of Ll,https://github.com/AshishSalaskar1/DS_Algo_Playground/blob/master/Track/DSA_A_to_Z/LinkedList/Middle_Of_LL.py,"IMP, Linked List",,,,
Yes,Delete Mid of Ll,https://github.com/AshishSalaskar1/DS_Algo_Playground/blob/master/Track/DSA_A_to_Z/LinkedList/Delete_mid_of_LL.py,Linked List,,,,
Yes,Loop in Ll,https://github.com/AshishSalaskar1/DS_Algo_Playground/blob/master/Track/DSA_A_to_Z/LinkedList/Loop_in_LL.py,"IMP, Linked List",,,,
Yes,Starting Point of Loop,https://github.com/AshishSalaskar1/DS_Algo_Playground/blob/master/Track/DSA_A_to_Z/LinkedList/Starting_Point_of_loop.py,Linked List,,,,
Yes,Length of Loop,https://github.com/AshishSalaskar1/DS_Algo_Playground/blob/master/Track/DSA_A_to_Z/LinkedList/Length_of_loop.py,Linked List,,,,
Yes,Is Palindrome Ll,https://github.com/AshishSalaskar1/DS_Algo_Playground/blob/master/Track/DSA_A_to_Z/LinkedList/Is_Palindrome_LL.py,Linked List,,,,
Yes,Seggregate Odd Even Value Nodes Ll,https://github.com/AshishSalaskar1/DS_Algo_Playground/blob/master/Track/DSA_A_to_Z/LinkedList/Seggregate_Odd_Even_value_nodes_LL.py,Linked List,,,,
Yes,Remove Nth Node from Last,https://github.com/AshishSalaskar1/DS_Algo_Playground/blob/master/Track/DSA_A_to_Z/LinkedList/Remove_nth_node_from_last.py,Linked List,,,,
Yes,Max First Last Pair Sum,https://github.com/AshishSalaskar1/DS_Algo_Playground/blob/master/Track/DSA_A_to_Z/LinkedList/Max_first_last_pair_sum.py,"Contest, IMP, Linked List",,,,
Yes,Sort 0 1 2,https://github.com/AshishSalaskar1/DS_Algo_Playground/blob/master/Track/DSA_A_to_Z/LinkedList/Sort_0_1_2.py,"IMP, Linked List",,,,
Yes,Add Numbers Ll,https://github.com/AshishSalaskar1/DS_Algo_Playground/blob/master/Track/DSA_A_to_Z/LinkedList/add_numbers_LL.py,"IMP, Linked List",,,,
Yes,Add Numbers Ll,https://github.com/AshishSalaskar1/DS_Algo_Playground/blob/master/Track/DSA_A_to_Z/LinkedList/add_numbers_LL.py,"IMP, Linked List",,,,
Yes,Reverse Ll in K Groups,https://github.com/AshishSalaskar1/DS_Algo_Playground/blob/master/Track/DSA_A_to_Z/LinkedList/Reverse_LL_in_K_groups.py,Linked List,,Hard,,
Yes,Rotate Ll,https://github.com/AshishSalaskar1/DS_Algo_Playground/blob/master/Track/DSA_A_to_Z/LinkedList/Rotate_LL.py,Linked List,,Hard,,
Yes,Roman Integer Roman,https://github.com/AshishSalaskar1/DS_Algo_Playground/blob/master/Track/DSA_A_to_Z/Strings/Roman_Integer_Roman.py,Strings,,,,
Yes,Implement Atoi,https://github.com/AshishSalaskar1/DS_Algo_Playground/blob/master/Track/DSA_A_to_Z/Strings/Implement_ATOI.py,"IMP, Strings",,,,
Yes,Sum of Beauty of Substrings,https://github.com/AshishSalaskar1/DS_Algo_Playground/blob/master/Track/DSA_A_to_Z/Strings/Sum_of_Beauty_of_substrings.py,Strings,,,,
Yes,Reverse Words in Place,https://github.com/AshishSalaskar1/DS_Algo_Playground/blob/master/Track/DSA_A_to_Z/Strings/Reverse_words_in_place.py,Strings,,,,
Yes,Generate Paranthesis,https://github.com/AshishSalaskar1/DS_Algo_Playground/blob/master/Track/DSA_A_to_Z/Recursion_Backtracking/Processed_Unprocessed_Approach/Generate_Paranthesis.py,Recursion,Processed/Unprocessed,,,
Yes,Power Set,https://github.com/AshishSalaskar1/DS_Algo_Playground/blob/master/Track/DSA_A_to_Z/Recursion_Backtracking/Power_Set.py,Recursion,,,,
Yes,Combination Sum,https://github.com/AshishSalaskar1/DS_Algo_Playground/blob/master/Track/DSA_A_to_Z/Recursion_Backtracking/Combination_Sum.py,"Backtracking, IMP, Recursion",,,,
Yes,Combination Sum 2,https://github.com/AshishSalaskar1/DS_Algo_Playground/blob/master/Track/DSA_A_to_Z/Recursion_Backtracking/Combination_Sum_2.py,"Backtracking, IMP, Recursion",,,,
Yes,Subset Sum All Sums,https://github.com/AshishSalaskar1/DS_Algo_Playground/blob/master/Track/DSA_A_to_Z/Recursion_Backtracking/Subset_Sum_all_sums.py,"IMP, Recursion",,,,
Yes,Subset Sum 2 Unique Subsets,https://github.com/AshishSalaskar1/DS_Algo_Playground/blob/master/Track/DSA_A_to_Z/Recursion_Backtracking/Subset_sum_2_Unique_Subsets.py,"IMP, Recursion",,,,
Yes,Palindrome Partitioning,https://github.com/AshishSalaskar1/DS_Algo_Playground/blob/master/Track/DSA_A_to_Z/Recursion_Backtracking/Palindrome_Partitioning.py,"Backtracking, IMP, Recursion",,,,
Yes,Word Search,https://github.com/AshishSalaskar1/DS_Algo_Playground/blob/master/Track/DSA_A_to_Z/Recursion_Backtracking/Word_Search.py,"Backtracking, IMP, Recursion",,,,
Yes,N Queens,https://github.com/AshishSalaskar1/DS_Algo_Playground/blob/master/Track/DSA_A_to_Z/Recursion_Backtracking/N_Queens.py,"Backtracking, IMP, Recursion",,Hard,,
Yes,Word Break,https://github.com/AshishSalaskar1/DS_Algo_Playground/blob/master/Track/DSA_A_to_Z/Recursion_Backtracking/Word_Break.py,"Backtracking, IMP, Recursion",,Hard,,
Yes,Divide Numbers,https://github.com/AshishSalaskar1/DS_Algo_Playground/blob/master/Track/DSA_A_to_Z/Bit%20Manipulation/Divide_numbers.py,"Bit Manipulation, IMP, Trick",,,,
Yes,Flip Bits to Make a to B,https://github.com/AshishSalaskar1/DS_Algo_Playground/blob/master/Track/DSA_A_to_Z/Bit%20Manipulation/Flip_bits_to_make_A_to_B.py,Bit Manipulation,,,,
Yes,Power Set,https://github.com/AshishSalaskar1/DS_Algo_Playground/blob/master/Track/DSA_A_to_Z/Bit%20Manipulation/Power_set.py,Bit Manipulation,,,,
Yes,Xor from L to R,https://github.com/AshishSalaskar1/DS_Algo_Playground/blob/master/Track/DSA_A_to_Z/Bit%20Manipulation/XOR_from_L_to_R.py,"Bit Manipulation, Trick",,,,
Yes,Fenwick Tree Range Sum,https://github.com/AshishSalaskar1/DS_Algo_Playground/blob/master/Track/DSA_A_to_Z/Fenwick_Trees/Fenwick_Tree_range_sum.py,"Bad-Luck-Just-Move-On, Fenwick Tree, IMP, Tree",,Hard,,
Yes,Height of Tree After Delete Queries,https://github.com/AshishSalaskar1/DS_Algo_Playground/blob/master/Track/DSA_A_to_Z/Binary%20Trees/Eulers_Tour_Based/Height_of_tree_after_delete_queries.py,"Bad-Luck-Just-Move-On, Euler Tour, IMP, Tree",,Hard,,
Yes,Subtree Sum Update Queries,https://github.com/AshishSalaskar1/DS_Algo_Playground/blob/master/Track/DSA_A_to_Z/Binary%20Trees/Eulers_Tour_Based/Subtree_sum_update_queries.py,"Euler Tour, IMP, Tree",,Hard,,
Yes,Equal Row Col Pairs,https://github.com/AshishSalaskar1/DS_Algo_Playground/blob/master/Track/DSA_A_to_Z/LC_75_Miscellaneous/Equal_row_col_pairs.py,"Arrays, Contest",,Medium,,
Yes,Block Placement Queries,https://github.com/AshishSalaskar1/DS_Algo_Playground/blob/master/Track/DSA_A_to_Z/Leetcode_contests/Arrays/Block_placement_queries.py,"Arrays, Contest",,,,
Yes,Count Pairs Forming Day,https://github.com/AshishSalaskar1/DS_Algo_Playground/blob/master/Track/DSA_A_to_Z/Leetcode_contests/Arrays/Count_Pairs_forming_Day.py,"Arrays, Contest",,,,
Yes,Count Team Triplets,https://github.com/AshishSalaskar1/DS_Algo_Playground/blob/master/Track/DSA_A_to_Z/Leetcode_contests/Arrays/Count_Team_triplets.py,"Arrays, Contest",,,,
Yes,Maximum Points Inside the Square,https://github.com/AshishSalaskar1/DS_Algo_Playground/blob/master/Track/DSA_A_to_Z/Leetcode_contests/Binary_Search/Maximum_Points_Inside_the_Square.py,"BS+Answers, Contest",,,,
Yes,Max Cast Spells,https://github.com/AshishSalaskar1/DS_Algo_Playground/blob/master/Track/DSA_A_to_Z/Leetcode_contests/DP/Max_Cast_Spells.py,"Contest, DP",,,,
Yes,Max Score Diffrences in Grid,https://github.com/AshishSalaskar1/DS_Algo_Playground/blob/master/Track/DSA_A_to_Z/Leetcode_contests/DP/Max_score_diffrences_in_grid.py,"Contest, DP",,,,
Yes,Min Operations,https://github.com/AshishSalaskar1/DS_Algo_Playground/blob/master/Track/DSA_A_to_Z/Leetcode_contests/DP/Min_operations.py,"Contest, DP",,,,
Yes,Find Edges Belonging to Shortest Path,https://github.com/AshishSalaskar1/DS_Algo_Playground/blob/master/Track/DSA_A_to_Z/Leetcode_contests/Graphs/Find_edges_belonging_to_shortest_path.py,"Contest, Graphs",Djikstras,,,
Yes,Check Corners Reachable with Circles,https://github.com/AshishSalaskar1/DS_Algo_Playground/blob/master/Track/DSA_A_to_Z/Graphs/Disjoint_Set_OR_Union_Find/Check_corners_reachable_with_circles.py,"Contest, Union-Find",,Hard,,
Yes,Build Matrix with Row Sum Conditions,https://github.com/AshishSalaskar1/DS_Algo_Playground/blob/master/Track/DSA_A_to_Z/Graphs/Topo_Sort/Build_matrix_with_row_sum_conditions.py,"Contest, Graphs",Topo Sort,,,
Yes,Max Ops to Move 1s to End,https://github.com/AshishSalaskar1/DS_Algo_Playground/blob/master/Track/DSA_A_to_Z/Arrays/Contest_Important_Questions/Max_ops_to_move_1s_to_end.py,"Arrays, Contest",,,,
Yes,Wall of Bricks I Min Increments to Form Target,https://github.com/AshishSalaskar1/DS_Algo_Playground/blob/master/Track/DSA_A_to_Z/Arrays/Contest_Important_Questions/Wall_of_bricks_I_Min_Increments_to_form_target.py,"Arrays, Contest, IMP, Trick",,,,
Yes,Wall of Bricks II Min Ops to Form Target,https://github.com/AshishSalaskar1/DS_Algo_Playground/blob/master/Track/DSA_A_to_Z/Arrays/Contest_Important_Questions/Wall_of_bricks_II_Min_Ops_to_form_target.py,"Arrays, Bad-Luck-Just-Move-On, Contest, IMP, Trick",,,,
Yes,Min Arrows to Burst Balloons,https://github.com/AshishSalaskar1/DS_Algo_Playground/blob/master/Track/DSA_A_to_Z/Arrays/Intervals/Min_Arrows_to_burst_balloons.py,"Contest, Intervals",,,,
Yes,Interleaving Strings Target,https://github.com/AshishSalaskar1/DS_Algo_Playground/blob/master/Track/DSA_A_to_Z/Dynamic%20Programming/2D_3D_DP/Interleaving_Strings_Target.py,"Contest, DP, IMP",3D-DP,,,
Yes,Domino Tromino Tiling,https://github.com/AshishSalaskar1/DS_Algo_Playground/blob/master/Track/DSA_A_to_Z/Dynamic%20Programming/2D_3D_DP/Domino_Tromino_Tiling.py,"Contest, DP, Trick",,,,
Yes,Leetcode Ipo,https://github.com/AshishSalaskar1/DS_Algo_Playground/blob/master/Track/DSA_A_to_Z/Heaps/Leetcode_IPO.py,"Heaps, IMP",,,,
Yes,Maximum Performance Team,https://github.com/AshishSalaskar1/DS_Algo_Playground/blob/master/Track/DSA_A_to_Z/Heaps/Sum_n1_MULT_min_n2_k/Maximum_Performance_Team.py,"Bad-Luck-Just-Move-On, Contest, Heaps, Trick",,Hard,,
Yes,Maximum Subsequence Score,https://github.com/AshishSalaskar1/DS_Algo_Playground/blob/master/Track/DSA_A_to_Z/Heaps/Sum_n1_MULT_min_n2_k/Maximum_Subsequence_Score.py,"Bad-Luck-Just-Move-On, Contest, Heaps, Trick",,Hard,,
Yes,Cost to Hire K Workers,https://github.com/AshishSalaskar1/DS_Algo_Playground/blob/master/Track/DSA_A_to_Z/Heaps/Cost_to_hire_K_workers.py,"Contest, Heaps, IMP",,,,
Yes,Design Twitter,https://github.com/AshishSalaskar1/DS_Algo_Playground/blob/master/Track/DSA_A_to_Z/Heaps/Design_Twitter.py,"Contest, Heaps, IMP",,Hard,,
Yes,Min Cost to Convert String,https://github.com/AshishSalaskar1/DS_Algo_Playground/blob/master/Track/DSA_A_to_Z/Graphs/Distance_Based/Min_cost_to_Convert_String.py,"Contest, Graphs, IMP",Floyd-Warshall,Medium,,
Yes,Region Cut by Slashes,https://github.com/AshishSalaskar1/DS_Algo_Playground/blob/master/Track/DSA_A_to_Z/Graphs/Disjoint_Set_OR_Union_Find/Region_cut_by_slashes.py,"Bad-Luck-Just-Move-On, Trick, Union-Find",,Hard,,
Yes,Min Days to Disconnect Islands,https://github.com/AshishSalaskar1/DS_Algo_Playground/blob/master/Track/DSA_A_to_Z/Graphs/BFS_DFS/Min_Days_To_disconnect_Islands.py,"Bad-Luck-Just-Move-On, Graphs, Trick",BFS/DFS,Hard,,
Yes,Best Sightseeing Pair,https://github.com/AshishSalaskar1/DS_Algo_Playground/blob/master/Track/DSA_A_to_Z/Arrays/Best_Sightseeing_Pair.py,"Arrays, DP, IMP, Trick",,Medium,,
Yes,Max Points with Cost,https://github.com/AshishSalaskar1/DS_Algo_Playground/blob/master/Track/DSA_A_to_Z/Dynamic%20Programming/2D_3D_DP/Max_Points_with_Cost(Sightseeing_Pair_Based).py,"Bad-Luck-Just-Move-On, DP, DP2, Memorize, Trick",,Hard,,
Yes,Divide Numbers,https://github.com/AshishSalaskar1/DS_Algo_Playground/blob/master/Track/DSA_A_to_Z/Bit%20Manipulation/Divide_numbers.py,"Bad-Luck-Just-Move-On, Bit Manipulation",,Hard,,
Yes,Flip Bits to Make Aorb C,https://github.com/AshishSalaskar1/DS_Algo_Playground/blob/master/Track/DSA_A_to_Z/Bit%20Manipulation/Flip_bits_to_make_AorB_C.py,"Bad-Luck-Just-Move-On, Bit Manipulation",,Hard,,
Yes,Xor from L to R,https://github.com/AshishSalaskar1/DS_Algo_Playground/blob/master/Track/DSA_A_to_Z/Bit%20Manipulation/XOR_from_L_to_R.py,"Bit Manipulation, Trick",,Hard,,
Yes,Soduku Solver,https://github.com/AshishSalaskar1/DS_Algo_Playground/blob/master/Track/DSA_A_to_Z/Recursion_Backtracking/Soduku_Solver.py,"Backtracking, IMP, Recursion",,Hard,,
Yes,Snake N Ladder,https://github.com/AshishSalaskar1/DS_Algo_Playground/blob/master/Track/DSA_A_to_Z/Graphs/BFS_DFS/Snake_N_Ladder.py,Graphs,BFS/DFS,Medium,,
Yes,Min Genetic Mutation,https://github.com/AshishSalaskar1/DS_Algo_Playground/blob/master/Track/DSA_A_to_Z/Graphs/BFS_DFS/Min_Genetic_Mutation.py,Graphs,BFS/DFS,Medium,,
Yes,Min Valid Strings to Form Target,https://github.com/AshishSalaskar1/DS_Algo_Playground/blob/master/Track/DSA_A_to_Z/Tries/Min_Valid_Strings_to_form_target.py,"DP, IMP, Tries",DP-Strings,Hard,,
Yes,Min Valid Strings to Form Target,https://github.com/AshishSalaskar1/DS_Algo_Playground/blob/master/Track/DSA_A_to_Z/Tries/Min_Valid_Strings_to_form_target.py,"Bad-Luck-Just-Move-On, DP, Tries",,Hard,,
Yes,K Largest Complete Subtree,https://github.com/AshishSalaskar1/DS_Algo_Playground/blob/master/Track/DSA_A_to_Z/Binary%20Trees/K_Largest_complete_subtree.py,Binary Trees,,Medium,,
Yes,Min Pushes to Type Word,https://github.com/AshishSalaskar1/DS_Algo_Playground/tree/master/Track/DSA_A_to_Z/Greedy/Min_Pushes_to_type_word.py,"Greedy, Heaps",,Medium,,
Yes,Longest Happy String,https://github.com/AshishSalaskar1/DS_Algo_Playground/tree/master/Track/DSA_A_to_Z/Heaps/Longest_happy_string.py,Heaps,,Medium,,
Yes,Parse Boolean Expression,https://github.com/AshishSalaskar1/DS_Algo_Playground/tree/master/Track/DSA_A_to_Z/Stacks_Queues/Parse_Boolean_Expression.py,Stack,,Medium,,
Yes,Diagonal Traversal,https://github.com/AshishSalaskar1/DS_Algo_Playground/blob/master/Track/DSA_A_to_Z/Arrays/2D_Matrix_Based/Diagonal_Traversal.py,Arrays,2D Matrix Based,Medium,,
Yes,Grid Unique Paths,https://github.com/AshishSalaskar1/DS_Algo_Playground/blob/master/Track/DSA_A_to_Z/Arrays/2D_Matrix_Based/Grid_Unique_Paths.py,Arrays,2D Matrix Based,,,
Yes,Search in a 2 D Matrix,https://github.com/AshishSalaskar1/DS_Algo_Playground/blob/master/Track/DSA_A_to_Z/Arrays/2D_Matrix_Based/Search_in_a_2_D_matrix.py,Arrays,2D Matrix Based,,,
Yes,Valid Matrix Given Row Col Sums,https://github.com/AshishSalaskar1/DS_Algo_Playground/blob/master/Track/DSA_A_to_Z/Arrays/2D_Matrix_Based/Valid_matrix_given_row_col_sums.py,Arrays,2D Matrix Based,Medium,,
Yes,Min String Length After Operations,https://github.com/AshishSalaskar1/DS_Algo_Playground/blob/master/Track/DSA_A_to_Z/Arrays/Contest_Important_Questions/Min_String_Length_After_Operations.py,Arrays,Contest Important Questions,Medium,,
Yes,Vowel Game,https://github.com/AshishSalaskar1/DS_Algo_Playground/blob/master/Track/DSA_A_to_Z/Arrays/Contest_Important_Questions/Vowel_game.py,Arrays,Contest Important Questions,Medium,,
Yes,Data Stream as Disjoint Set,https://github.com/AshishSalaskar1/DS_Algo_Playground/blob/master/Track/DSA_A_to_Z/Arrays/Data_stream_as_disjoint_set.py,Arrays,,Hard,,
Yes,Find the Duplicate in an Array of N 1 Inteâ€¦,https://github.com/AshishSalaskar1/DS_Algo_Playground/blob/master/Track/DSA_A_to_Z/Arrays/Find_the_duplicate_in_an_array_of_N%2B1_inte%C3%A2%E2%82%AC%C2%A6.py,Arrays,,,,
Yes,"Kadane's Algorithm, Maximum Subarra",https://github.com/AshishSalaskar1/DS_Algo_Playground/blob/master/Track/DSA_A_to_Z/Arrays/Kadane%27s_Algorithm%2C_maximum_subarra%E2%80%A6.py,Arrays,,,,
Yes,Kadane's Algorithm,https://github.com/AshishSalaskar1/DS_Algo_Playground/blob/master/Track/DSA_A_to_Z/Arrays/Kadane%27s_Algorithm.py,Arrays,,,,
Yes,Longest Incr Decr Subarray,https://github.com/AshishSalaskar1/DS_Algo_Playground/blob/master/Track/DSA_A_to_Z/Arrays/Longest_Incr_Decr_Subarray.py,Arrays,,,,
Yes,Majority Element,https://github.com/AshishSalaskar1/DS_Algo_Playground/blob/master/Track/DSA_A_to_Z/Arrays/Majority_Element_%28n2_times%29.py,Arrays,,,,
Yes,Majority Element,https://github.com/AshishSalaskar1/DS_Algo_Playground/blob/master/Track/DSA_A_to_Z/Arrays/Majority_Element_%28n3_times%29.py,Arrays,,,,
Yes,Merge Two Sorted Arrays Without Extâ€¦,https://github.com/AshishSalaskar1/DS_Algo_Playground/blob/master/Track/DSA_A_to_Z/Arrays/Merge_two_sorted_arrays_without_ext%C3%A2%E2%82%AC%C2%A6.py,Arrays,,Easy,,
Yes,Pascal's Triangle,https://github.com/AshishSalaskar1/DS_Algo_Playground/blob/master/Track/DSA_A_to_Z/Arrays/Pascal%27s_Triangle.py,Arrays,,,,
Yes,Pow,https://github.com/AshishSalaskar1/DS_Algo_Playground/blob/master/Track/DSA_A_to_Z/Arrays/Pow%28x%2C_n%29.py,Arrays,,,,
Yes,Binary Array Sum,https://github.com/AshishSalaskar1/DS_Algo_Playground/blob/master/Track/DSA_A_to_Z/Arrays/Prefix%20Sum/Binary_array_sum.py,Arrays,Prefix Sum,,,
Yes,Max Points from Picking Cards,https://github.com/AshishSalaskar1/DS_Algo_Playground/blob/master/Track/DSA_A_to_Z/Arrays/Prefix%20Sum/Max_Points_from_picking_cards.py,Arrays,Prefix Sum,Medium,,
Yes,Number of Nice Subarrays,https://github.com/AshishSalaskar1/DS_Algo_Playground/blob/master/Track/DSA_A_to_Z/Arrays/Prefix%20Sum/Number_of_nice_subarrays.py,Arrays,Prefix Sum,Medium,,
Yes,Prefix Sum on Pair Parity,https://github.com/AshishSalaskar1/DS_Algo_Playground/blob/master/Track/DSA_A_to_Z/Arrays/Prefix%20Sum/Prefix_sum_on_pair_parity.py,Arrays,Prefix Sum,Medium,,
Yes,Repeat and Missing Number,https://github.com/AshishSalaskar1/DS_Algo_Playground/blob/master/Track/DSA_A_to_Z/Arrays/Repeat_and_Missing_Number.py,Arrays,,,,
Yes,Min Swaps to Group Ones,https://github.com/AshishSalaskar1/DS_Algo_Playground/blob/master/Track/DSA_A_to_Z/Arrays/Sliding_Window/Min_Swaps_to_group_ones.py,Arrays,Sliding Window,Medium,,
Yes,"Sort an Array of 0's, 1's and 2's",https://github.com/AshishSalaskar1/DS_Algo_Playground/blob/master/Track/DSA_A_to_Z/Arrays/Sort_an_array_of_0%27s%2C_1%27s_and_2%27s.py,Arrays,,,,
Yes,Sort an Array of 0's 1's and 2's,https://github.com/AshishSalaskar1/DS_Algo_Playground/blob/master/Track/DSA_A_to_Z/Arrays/Sort_an_array_of_0%27s_1%27s_and_2%27s.py,Arrays,,,,
Yes,Swap to Form Max Number,https://github.com/AshishSalaskar1/DS_Algo_Playground/blob/master/Track/DSA_A_to_Z/Arrays/Swap_to_form_Max_number.py,Arrays,,Medium,,
Yes,Valid Sudoku Checker,https://github.com/AshishSalaskar1/DS_Algo_Playground/blob/master/Track/DSA_A_to_Z/Arrays/Valid_Sudoku_Checker.py,Arrays,,Medium,,
Yes,LCA in BST,https://github.com/AshishSalaskar1/DS_Algo_Playground/blob/master/Track/DSA_A_to_Z/Binary%20Search%20Trees/LCA_in_BST.py,Binary Search Trees,,,,
Yes,Merge 2 BST,https://github.com/AshishSalaskar1/DS_Algo_Playground/blob/master/Track/DSA_A_to_Z/Binary%20Search%20Trees/Merge_2_BST.py,Binary Search Trees,,,,
Yes,Find the Row with Maximum Number of 1's,https://github.com/AshishSalaskar1/DS_Algo_Playground/blob/master/Track/DSA_A_to_Z/Binary%20Search/Find_the_row_with_maximum_number_of_1%27s.py,Binary Search,,,,
Yes,K Smallest Pair Sum,https://github.com/AshishSalaskar1/DS_Algo_Playground/blob/master/Track/DSA_A_to_Z/Binary%20Search/K_Smallest_Pair_Sum.py,Binary Search,,Hard,,
Yes,Min of Max Product Store Distribution,https://github.com/AshishSalaskar1/DS_Algo_Playground/blob/master/Track/DSA_A_to_Z/Binary%20Search/Min_of_max_product_store_distribution.py,Binary Search,,Medium,,
Yes,Search in a 2 D Matrix,https://github.com/AshishSalaskar1/DS_Algo_Playground/blob/master/Track/DSA_A_to_Z/Binary%20Search/Search_in_a_2_D_matrix.py,Binary Search,,,,
Yes,Split Square Areas,https://github.com/AshishSalaskar1/DS_Algo_Playground/blob/master/Track/DSA_A_to_Z/Binary%20Search/Split_Square_Areas.py,Binary Search,,Medium,,
Yes,Count Good Nodes in Bt,https://github.com/AshishSalaskar1/DS_Algo_Playground/blob/master/Track/DSA_A_to_Z/Binary%20Trees/Count_Good_nodes_in_BT.py,Binary Trees,,Medium,,
Yes,Delete Nodes and Return Forest,https://github.com/AshishSalaskar1/DS_Algo_Playground/blob/master/Track/DSA_A_to_Z/Binary%20Trees/Delete_nodes_and_return_forest.py,Binary Trees,,Medium,,
Yes,Introduction to Trees,https://github.com/AshishSalaskar1/DS_Algo_Playground/blob/master/Track/DSA_A_to_Z/Binary%20Trees/Introduction_to_Trees.py,Binary Trees,,,,
Yes,LCA Classic,https://github.com/AshishSalaskar1/DS_Algo_Playground/blob/master/Track/DSA_A_to_Z/Binary%20Trees/LCA_Classic.py,Binary Trees,,,,
Yes,LCA of Deepest Nodes or Subtree,https://github.com/AshishSalaskar1/DS_Algo_Playground/blob/master/Track/DSA_A_to_Z/Binary%20Trees/LCA_of_Deepest_nodes_or_Subtree.py,Binary Trees,,Medium,,
Yes,All Leaf Node Paths,https://github.com/AshishSalaskar1/DS_Algo_Playground/blob/master/Track/DSA_A_to_Z/Binary%20Trees/Path%20Based/All_Leaf_node_paths.py,Binary Trees,Path Based,,,
Yes,Good Node Pairs,https://github.com/AshishSalaskar1/DS_Algo_Playground/blob/master/Track/DSA_A_to_Z/Binary%20Trees/Path%20Based/Good_Node_pairs.py,Binary Trees,Path Based,Medium,,
Yes,Longest Zig Zag Path,https://github.com/AshishSalaskar1/DS_Algo_Playground/blob/master/Track/DSA_A_to_Z/Binary%20Trees/Path%20Based/Longest_Zig_Zag_Path.py,Binary Trees,Path Based,Medium,,
Yes,Path III Subarray Sum Kind in Bt,https://github.com/AshishSalaskar1/DS_Algo_Playground/blob/master/Track/DSA_A_to_Z/Binary%20Trees/Path%20Based/Path_III_Subarray_sum_kind_in_BT.py,Binary Trees,Path Based,Medium,,
Yes,Maximum Lvl Sum,https://github.com/AshishSalaskar1/DS_Algo_Playground/blob/master/Track/DSA_A_to_Z/Binary%20Trees/Traversal_View_Based/Maximum_lvl_sum.py,Binary Trees,Traversal View Based,Medium,,
Yes,Level Order,https://github.com/AshishSalaskar1/DS_Algo_Playground/blob/master/Track/DSA_A_to_Z/Binary%20Trees/Traversal_View_Based/level_order.py,Binary Trees,Traversal View Based,,,
Yes,0 Lower Upper Bound,https://github.com/AshishSalaskar1/DS_Algo_Playground/blob/master/Track/DSA_A_to_Z/Binary_Search/0_lower_upper_bound.py,Binary Search,,,,
Yes,Smallest K Num in Sum,https://github.com/AshishSalaskar1/DS_Algo_Playground/blob/master/Track/DSA_A_to_Z/Binary_Search/Smallest_k_num_in_sum.py,Binary Search,,,,
Yes,1633 Dice Combinations,https://github.com/AshishSalaskar1/DS_Algo_Playground/blob/master/Track/DSA_A_to_Z/CSES/DP/1633_Dice_Combinations.py,CSES,DP,,,
Yes,1634 Minimise Coins,https://github.com/AshishSalaskar1/DS_Algo_Playground/blob/master/Track/DSA_A_to_Z/CSES/DP/1634_Minimise_Coins.py,CSES,DP,,,
Yes,Subtree Queries,https://github.com/AshishSalaskar1/DS_Algo_Playground/blob/master/Track/DSA_A_to_Z/CSES/Trees/Subtree_Queries.py,CSES,Trees,,,
Yes,Template,https://github.com/AshishSalaskar1/DS_Algo_Playground/blob/master/Track/DSA_A_to_Z/CSES/template.py,CSES,,,,
Yes,A Halloumi Boxes,https://github.com/AshishSalaskar1/DS_Algo_Playground/blob/master/Track/DSA_A_to_Z/Codeforces_Practice/Div2a/A_Halloumi_Boxes.py,Codeforces Practice,Div2a,,,
Yes,A Way Too Long Words,https://github.com/AshishSalaskar1/DS_Algo_Playground/blob/master/Track/DSA_A_to_Z/Codeforces_Practice/Div2a/A_Way_Too_Long_Words.py,Codeforces Practice,Div2a,,,
Yes,B Ugu,https://github.com/AshishSalaskar1/DS_Algo_Playground/blob/master/Track/DSA_A_to_Z/Codeforces_Practice/Div2b/B_Ugu.py,Codeforces Practice,Div2b,,,
Yes,Frog Jump,https://github.com/AshishSalaskar1/DS_Algo_Playground/blob/master/Track/DSA_A_to_Z/Dynamic%20Programming/1D_DP/Frog_Jump%28DP-3%29.py,Dynamic Programming,1D DP,,,
Yes,Frog Jump with K Distances,https://github.com/AshishSalaskar1/DS_Algo_Playground/blob/master/Track/DSA_A_to_Z/Dynamic%20Programming/1D_DP/Frog_Jump_with_k_distances%28DP-4%29.py,Dynamic Programming,1D DP,,,
Yes,House Robber,https://github.com/AshishSalaskar1/DS_Algo_Playground/blob/master/Track/DSA_A_to_Z/Dynamic%20Programming/1D_DP/House_Robber_%28DP_6%29.py,Dynamic Programming,1D DP,,,
Yes,Jump Game 1,https://github.com/AshishSalaskar1/DS_Algo_Playground/blob/master/Track/DSA_A_to_Z/Dynamic%20Programming/1D_DP/Jump_Game_1.py,Dynamic Programming,1D DP,,,
Yes,Jump Game 2,https://github.com/AshishSalaskar1/DS_Algo_Playground/blob/master/Track/DSA_A_to_Z/Dynamic%20Programming/1D_DP/Jump_Game_2.py,Dynamic Programming,1D DP,,,
Yes,Shortest Dist with Road Addition Queries,https://github.com/AshishSalaskar1/DS_Algo_Playground/blob/master/Track/DSA_A_to_Z/Dynamic%20Programming/1D_DP/Shortest_Dist_with_road_addition_queries.py,Dynamic Programming,1D DP,Medium,,
Yes,3 D DP Ninja and His Friends (dp,https://github.com/AshishSalaskar1/DS_Algo_Playground/blob/master/Track/DSA_A_to_Z/Dynamic%20Programming/2D_3D_DP/3-d_DP__Ninja_and_his_friends_%28DP-%E2%80%A6.py,Dynamic Programming,2D 3D DP,,,
Yes,4d Cherry Pickup,https://github.com/AshishSalaskar1/DS_Algo_Playground/blob/master/Track/DSA_A_to_Z/Dynamic%20Programming/2D_3D_DP/4D_Cherry_Pickup.py,Dynamic Programming,2D 3D DP,Hard,,
Yes,Escape Dungeon Grid,https://github.com/AshishSalaskar1/DS_Algo_Playground/blob/master/Track/DSA_A_to_Z/Dynamic%20Programming/2D_3D_DP/Escape_Dungeon_grid.py,Dynamic Programming,2D 3D DP,,,
Yes,Grid Unique Paths 2,https://github.com/AshishSalaskar1/DS_Algo_Playground/blob/master/Track/DSA_A_to_Z/Dynamic%20Programming/2D_3D_DP/Grid_Unique_Paths_2_%28DP_9%29.py,Dynamic Programming,2D 3D DP,,,
Yes,Grid Unique Paths DP on Grids (dp,https://github.com/AshishSalaskar1/DS_Algo_Playground/blob/master/Track/DSA_A_to_Z/Dynamic%20Programming/2D_3D_DP/Grid_Unique_Paths__DP_on_Grids_%28DP%E2%80%A6.py,Dynamic Programming,2D 3D DP,,,
Yes,Largest Square,https://github.com/AshishSalaskar1/DS_Algo_Playground/blob/master/Track/DSA_A_to_Z/Dynamic%20Programming/2D_3D_DP/Largest_Square.py,Dynamic Programming,2D 3D DP,Medium,,
Yes,Max Points with Cost,https://github.com/AshishSalaskar1/DS_Algo_Playground/blob/master/Track/DSA_A_to_Z/Dynamic%20Programming/2D_3D_DP/Max_Points_with_Cost%28Sightseeing_Pair_Based%29.py,Dynamic Programming,2D 3D DP,Medium,,
Yes,Maze Traverse Coin Robbers,https://github.com/AshishSalaskar1/DS_Algo_Playground/blob/master/Track/DSA_A_to_Z/Dynamic%20Programming/2D_3D_DP/Maze_Traverse_Coin_Robbers.py,Dynamic Programming,2D 3D DP,,,
Yes,Minimummaximum Falling Path Sum (d,https://github.com/AshishSalaskar1/DS_Algo_Playground/blob/master/Track/DSA_A_to_Z/Dynamic%20Programming/2D_3D_DP/MinimumMaximum_Falling_Path_Sum_%28D%E2%80%A6.py,Dynamic Programming,2D 3D DP,,,
Yes,Minimum Path Sum in Grid,https://github.com/AshishSalaskar1/DS_Algo_Playground/blob/master/Track/DSA_A_to_Z/Dynamic%20Programming/2D_3D_DP/Minimum_path_sum_in_Grid_%28DP_10%29.py,Dynamic Programming,2D 3D DP,,,
Yes,Ninja's Training,https://github.com/AshishSalaskar1/DS_Algo_Playground/blob/master/Track/DSA_A_to_Z/Dynamic%20Programming/2D_3D_DP/Ninja%27s_Training_%28DP_7%29.py,Dynamic Programming,2D 3D DP,,,
Yes,Num Paths in Grid 2,https://github.com/AshishSalaskar1/DS_Algo_Playground/blob/master/Track/DSA_A_to_Z/Dynamic%20Programming/2D_3D_DP/Num_paths_in_grid_2.py,Dynamic Programming,2D 3D DP,,,
Yes,Printing Knapsack 0 1,https://github.com/AshishSalaskar1/DS_Algo_Playground/blob/master/Track/DSA_A_to_Z/Dynamic%20Programming/DP_Follow_Ups/Printing_Knapsack_0_1.py,Dynamic Programming,DP Follow Ups,,,
Yes,Count LIS,https://github.com/AshishSalaskar1/DS_Algo_Playground/blob/master/Track/DSA_A_to_Z/Dynamic%20Programming/DP_LIS/Count_LIS.py,Dynamic Programming,DP LIS,,,
Yes,Increasing Triplet Subsequence,https://github.com/AshishSalaskar1/DS_Algo_Playground/blob/master/Track/DSA_A_to_Z/Dynamic%20Programming/DP_LIS/Increasing_Triplet_Subsequence.py,Dynamic Programming,DP LIS,Medium,,
Yes,Min Deletions to Have One Peak,https://github.com/AshishSalaskar1/DS_Algo_Playground/blob/master/Track/DSA_A_to_Z/Dynamic%20Programming/DP_LIS/Min_deletions_to_have_one_peak.py,Dynamic Programming,DP LIS,Hard,,
Yes,Diff Utility Strings,https://github.com/AshishSalaskar1/DS_Algo_Playground/blob/master/Track/DSA_A_to_Z/Dynamic%20Programming/DP_Strings/Diff_Utility_Strings.py,Dynamic Programming,DP Strings,,,
Yes,Lcs 3 Strings,https://github.com/AshishSalaskar1/DS_Algo_Playground/blob/master/Track/DSA_A_to_Z/Dynamic%20Programming/DP_Strings/LCS_3_Strings.py,Dynamic Programming,DP Strings,,,
Yes,Longest Common Subsequence,https://github.com/AshishSalaskar1/DS_Algo_Playground/blob/master/Track/DSA_A_to_Z/Dynamic%20Programming/DP_Strings/Longest_Common_Subsequence__%28DP_-_25%29.py,Dynamic Programming,DP Strings,,,
Yes,Longest Common Substring,https://github.com/AshishSalaskar1/DS_Algo_Playground/blob/master/Track/DSA_A_to_Z/Dynamic%20Programming/DP_Strings/Longest_Common_Substring.py,Dynamic Programming,DP Strings,,,
Yes,Longest Palindromic Subsequence (,https://github.com/AshishSalaskar1/DS_Algo_Playground/blob/master/Track/DSA_A_to_Z/Dynamic%20Programming/DP_Strings/Longest_Palindromic_Subsequence__%28%E2%80%A6.py,Dynamic Programming,DP Strings,,,
Yes,Longest Palindromic Substring,https://github.com/AshishSalaskar1/DS_Algo_Playground/blob/master/Track/DSA_A_to_Z/Dynamic%20Programming/DP_Strings/Longest_Palindromic_Substring.py,Dynamic Programming,DP Strings,Medium,,
Yes,01 Knapsack,https://github.com/AshishSalaskar1/DS_Algo_Playground/blob/master/Track/DSA_A_to_Z/Dynamic%20Programming/DP_Subsequences/01_Knapsack_%28DP_-_19%29.py,Dynamic Programming,DP Subsequences,,,
Yes,Coin Change 2,https://github.com/AshishSalaskar1/DS_Algo_Playground/blob/master/Track/DSA_A_to_Z/Dynamic%20Programming/DP_Subsequences/Coin_Change_2_%28DP_-_22%29.py,Dynamic Programming,DP Subsequences,,,
Yes,Count Subsets with Sum K,https://github.com/AshishSalaskar1/DS_Algo_Playground/blob/master/Track/DSA_A_to_Z/Dynamic%20Programming/DP_Subsequences/Count_Subsets_with_Sum_K_%28DP_-_17%29.py,Dynamic Programming,DP Subsequences,,,
Yes,Minimum Coins,https://github.com/AshishSalaskar1/DS_Algo_Playground/blob/master/Track/DSA_A_to_Z/Dynamic%20Programming/DP_Subsequences/Minimum_Coins_%28DP_-_20%29.py,Dynamic Programming,DP Subsequences,,,
Yes,Partition Equal Subset Sum,https://github.com/AshishSalaskar1/DS_Algo_Playground/blob/master/Track/DSA_A_to_Z/Dynamic%20Programming/DP_Subsequences/Partition_Equal_Subset_Sum_%28DP-_15%29.py,Dynamic Programming,DP Subsequences,,,
Yes,Print Subset Sum,https://github.com/AshishSalaskar1/DS_Algo_Playground/blob/master/Track/DSA_A_to_Z/Dynamic%20Programming/DP_Subsequences/Print_Subset_Sum.py,Dynamic Programming,DP Subsequences,,,
Yes,Rod Cutting Problem,https://github.com/AshishSalaskar1/DS_Algo_Playground/blob/master/Track/DSA_A_to_Z/Dynamic%20Programming/DP_Subsequences/Rod_Cutting_Problem__%28DP_-_24%29.py,Dynamic Programming,DP Subsequences,,,
Yes,Subset Sum Equal to Target,https://github.com/AshishSalaskar1/DS_Algo_Playground/blob/master/Track/DSA_A_to_Z/Dynamic%20Programming/DP_Subsequences/Subset_sum_equal_to_target_%28DP-_14%29.py,Dynamic Programming,DP Subsequences,,,
Yes,Target Sum,https://github.com/AshishSalaskar1/DS_Algo_Playground/blob/master/Track/DSA_A_to_Z/Dynamic%20Programming/DP_Subsequences/Target_Sum_%28DP_-_21%29.py,Dynamic Programming,DP Subsequences,,,
Yes,Unbounded Knapsack,https://github.com/AshishSalaskar1/DS_Algo_Playground/blob/master/Track/DSA_A_to_Z/Dynamic%20Programming/DP_Subsequences/Unbounded_Knapsack_%28DP_-_23%29.py,Dynamic Programming,DP Subsequences,,,
Yes,House Robber III,https://github.com/AshishSalaskar1/DS_Algo_Playground/blob/master/Track/DSA_A_to_Z/Dynamic%20Programming/DP_on_Trees/House_Robber_III.py,Dynamic Programming,DP on Trees,,,
Yes,Max K Sum Non Adjacent,https://github.com/AshishSalaskar1/DS_Algo_Playground/blob/master/Track/DSA_A_to_Z/Dynamic%20Programming/DP_on_Trees/Max_K_Sum_Non_Adjacent.py,Dynamic Programming,DP on Trees,,,
Yes,Max Sum Alternate Pick,https://github.com/AshishSalaskar1/DS_Algo_Playground/blob/master/Track/DSA_A_to_Z/Dynamic%20Programming/DP_on_Trees/Max_sum_alternate_pick.py,Dynamic Programming,DP on Trees,,,
Yes,Count Distinct Subsequences,https://github.com/AshishSalaskar1/DS_Algo_Playground/blob/master/Track/DSA_A_to_Z/Dynamic%20Programming/Subsequence-LIS-Subarray/Count_DIstinct_Subsequences.py,Dynamic Programming,Subsequence-LIS-Subarray,Hard,,
Yes,Partition K Subarrays Minimise Sum of Mins,https://github.com/AshishSalaskar1/DS_Algo_Playground/blob/master/Track/DSA_A_to_Z/Dynamic%20Programming/Subsequence-LIS-Subarray/Partition_k_subarrays_minimise_sum_of_mins.py,Dynamic Programming,Subsequence-LIS-Subarray,,,
Yes,01 Matrix,https://github.com/AshishSalaskar1/DS_Algo_Playground/blob/master/Track/DSA_A_to_Z/Graphs/BFS_DFS/01_Matrix_%28Bfs_Problem%29.py,Graphs,BFS DFS,,,
Yes,01 BFS,https://github.com/AshishSalaskar1/DS_Algo_Playground/blob/master/Track/DSA_A_to_Z/Graphs/BFS_DFS/Algos/01_Bfs.py,Graphs,BFS DFS/Algos,,,
Yes,BFS,https://github.com/AshishSalaskar1/DS_Algo_Playground/blob/master/Track/DSA_A_to_Z/Graphs/BFS_DFS/Algos/BFS.py,Graphs,BFS DFS/Algos,,,
Yes,DFS,https://github.com/AshishSalaskar1/DS_Algo_Playground/blob/master/Track/DSA_A_to_Z/Graphs/BFS_DFS/Algos/DFS.py,Graphs,BFS DFS/Algos,,,
Yes,Flood Fill,https://github.com/AshishSalaskar1/DS_Algo_Playground/blob/master/Track/DSA_A_to_Z/Graphs/BFS_DFS/Algos/Flood_fill.py,Graphs,BFS DFS/Algos,,,
Yes,Bipartite Graph,https://github.com/AshishSalaskar1/DS_Algo_Playground/blob/master/Track/DSA_A_to_Z/Graphs/BFS_DFS/Bipartite_Graph.py,Graphs,BFS DFS,Medium,,
Yes,Area Perimeter of Regions,https://github.com/AshishSalaskar1/DS_Algo_Playground/blob/master/Track/DSA_A_to_Z/Graphs/BFS_DFS/Floyd%20Warshall/Area_Perimeter_of_regions.py,Graphs,BFS DFS/Floyd Warshall,,,
Yes,As Far Away from Land,https://github.com/AshishSalaskar1/DS_Algo_Playground/blob/master/Track/DSA_A_to_Z/Graphs/BFS_DFS/Multisource_BFS/As_far_away_from_land.py,Graphs,BFS DFS/Multisource BFS,Medium,,
Yes,Infect All People,https://github.com/AshishSalaskar1/DS_Algo_Playground/blob/master/Track/DSA_A_to_Z/Graphs/BFS_DFS/Multisource_BFS/Infect_all_people.py,Graphs,BFS DFS/Multisource BFS,,,
Yes,Multi Source BFS Escape Pairs,https://github.com/AshishSalaskar1/DS_Algo_Playground/blob/master/Track/DSA_A_to_Z/Graphs/BFS_DFS/Multisource_BFS/Multi_Source_BFS_Escape_Pairs.py,Graphs,BFS DFS/Multisource BFS,,,
Yes,Multi Source BFS Monster Escape,https://github.com/AshishSalaskar1/DS_Algo_Playground/blob/master/Track/DSA_A_to_Z/Graphs/BFS_DFS/Multisource_BFS/Multi_Source_BFS_Monster_Escape.py,Graphs,BFS DFS/Multisource BFS,,,
Yes,Shortest Bridge Bw 2 Islands,https://github.com/AshishSalaskar1/DS_Algo_Playground/blob/master/Track/DSA_A_to_Z/Graphs/BFS_DFS/Multisource_BFS/Shortest_Bridge_bw_2_islands.py,Graphs,BFS DFS/Multisource BFS,Medium,,
Yes,Nearest Exit in Maze,https://github.com/AshishSalaskar1/DS_Algo_Playground/blob/master/Track/DSA_A_to_Z/Graphs/BFS_DFS/Nearest_Exit_in_maze.py,Graphs,BFS DFS,Medium,,
Yes,Number of Provinces,https://github.com/AshishSalaskar1/DS_Algo_Playground/blob/master/Track/DSA_A_to_Z/Graphs/BFS_DFS/Number_of_provinces_%28leetcode%29.py,Graphs,BFS DFS,,,
Yes,Shortest Path Alternating Colors,https://github.com/AshishSalaskar1/DS_Algo_Playground/blob/master/Track/DSA_A_to_Z/Graphs/BFS_DFS/Shortest_path_alternating_colors.py,Graphs,BFS DFS,Medium,,
Yes,Surrounded Regions,https://github.com/AshishSalaskar1/DS_Algo_Playground/blob/master/Track/DSA_A_to_Z/Graphs/BFS_DFS/Surrounded_Regions_%28dfs%29.py,Graphs,BFS DFS,,,
Yes,Swim in Rising Water,https://github.com/AshishSalaskar1/DS_Algo_Playground/blob/master/Track/DSA_A_to_Z/Graphs/BFS_DFS/Swim_in_rising_water.py,Graphs,BFS DFS,Medium,,
Yes,Trapping Rain Water II,https://github.com/AshishSalaskar1/DS_Algo_Playground/blob/master/Track/DSA_A_to_Z/Graphs/BFS_DFS/Trapping_Rain_Water_II.py,Graphs,BFS DFS,Hard,,
Yes,Disjoint Set Size,https://github.com/AshishSalaskar1/DS_Algo_Playground/blob/master/Track/DSA_A_to_Z/Graphs/Disjoint_Set_OR_Union_Find/Algos/Disjoint_Set_Size.py,Graphs,Disjoint Set OR Union Find/Algos,,,
Yes,Kruskals MST,https://github.com/AshishSalaskar1/DS_Algo_Playground/blob/master/Track/DSA_A_to_Z/Graphs/Disjoint_Set_OR_Union_Find/Algos/Kruskals_MST.py,Graphs,Disjoint Set OR Union Find/Algos,,,
Yes,Prims MST,https://github.com/AshishSalaskar1/DS_Algo_Playground/blob/master/Track/DSA_A_to_Z/Graphs/Disjoint_Set_OR_Union_Find/Algos/Prims_MST.py,Graphs,Disjoint Set OR Union Find/Algos,,,
Yes,Count Complete Components,https://github.com/AshishSalaskar1/DS_Algo_Playground/blob/master/Track/DSA_A_to_Z/Graphs/Disjoint_Set_OR_Union_Find/Count_Complete_Components.py,Graphs,Disjoint Set OR Union Find,Medium,,
Yes,Create MST by Replacing Edges,https://github.com/AshishSalaskar1/DS_Algo_Playground/blob/master/Track/DSA_A_to_Z/Graphs/Disjoint_Set_OR_Union_Find/Create_MST_by_replacing_edges.py,Graphs,Disjoint Set OR Union Find,,,
Yes,Min and Walk in Graph,https://github.com/AshishSalaskar1/DS_Algo_Playground/blob/master/Track/DSA_A_to_Z/Graphs/Disjoint_Set_OR_Union_Find/Min_AND_Walk_in_graph.py,Graphs,Disjoint Set OR Union Find,Hard,,
Yes,Bellman Ford Algo,https://github.com/AshishSalaskar1/DS_Algo_Playground/blob/master/Track/DSA_A_to_Z/Graphs/Distance_Based/Algorithms/Bellman_Ford_Algo.py,Graphs,Distance Based/Algorithms,,,
Yes,Dijkstras,https://github.com/AshishSalaskar1/DS_Algo_Playground/blob/master/Track/DSA_A_to_Z/Graphs/Distance_Based/Algorithms/Dijkstras.py,Graphs,Distance Based/Algorithms,,,
Yes,Floyd Warsall All Pair Shortest Path,https://github.com/AshishSalaskar1/DS_Algo_Playground/blob/master/Track/DSA_A_to_Z/Graphs/Distance_Based/Algorithms/Floyd_warsall_all_pair_shortest_path.py,Graphs,Distance Based/Algorithms,,,
Yes,Ping Pong Djikstras,https://github.com/AshishSalaskar1/DS_Algo_Playground/blob/master/Track/DSA_A_to_Z/Graphs/Distance_Based/Algorithms/Ping_Pong_Djikstras.py,Graphs,Distance Based/Algorithms,Medium,,
Yes,Curreny Convert Chain 2 Djikstras,https://github.com/AshishSalaskar1/DS_Algo_Playground/blob/master/Track/DSA_A_to_Z/Graphs/Distance_Based/Curreny_convert_Chain_2_djikstras.py,Graphs,Distance Based,Medium,,
Yes,Min Obstacle Removals to Reach Corner,https://github.com/AshishSalaskar1/DS_Algo_Playground/blob/master/Track/DSA_A_to_Z/Graphs/Distance_Based/Min_obstacle_removals_to_reach_corner.py,Graphs,Distance Based,Hard,,
Yes,Path with Min Effort,https://github.com/AshishSalaskar1/DS_Algo_Playground/blob/master/Track/DSA_A_to_Z/Graphs/Distance_Based/Path_with_min_effort.py,Graphs,Distance Based,Medium,,
Yes,Second Min Time to Reach Destination,https://github.com/AshishSalaskar1/DS_Algo_Playground/blob/master/Track/DSA_A_to_Z/Graphs/Distance_Based/Second_min_time_to_reach_destination.py,Graphs,Distance Based,,,
Yes,Graph and Types,https://github.com/AshishSalaskar1/DS_Algo_Playground/blob/master/Track/DSA_A_to_Z/Graphs/Graph_and_Types.py,Graphs,,,,
Yes,Heirholzers Euclidean Path,https://github.com/AshishSalaskar1/DS_Algo_Playground/blob/master/Track/DSA_A_to_Z/Graphs/Topo_Sort_or_Ordering_Based/Algos/Heirholzers_Euclidean_Path.py,Graphs,Topo Sort or Ordering Based/Algos,Hard,,
Yes,Kahn's Algorithm,https://github.com/AshishSalaskar1/DS_Algo_Playground/blob/master/Track/DSA_A_to_Z/Graphs/Topo_Sort_or_Ordering_Based/Algos/Kahn%27s_Algorithm.py,Graphs,Topo Sort or Ordering Based/Algos,,,
Yes,Topo Sort,https://github.com/AshishSalaskar1/DS_Algo_Playground/blob/master/Track/DSA_A_to_Z/Graphs/Topo_Sort_or_Ordering_Based/Algos/Topo_Sort.py,Graphs,Topo Sort or Ordering Based/Algos,,,
Yes,Alien Dictionary,https://github.com/AshishSalaskar1/DS_Algo_Playground/blob/master/Track/DSA_A_to_Z/Graphs/Topo_Sort_or_Ordering_Based/Alien_Dictionary.py,Graphs,Topo Sort or Ordering Based,,,
Yes,Build Matrix with Row Sum Conditions,https://github.com/AshishSalaskar1/DS_Algo_Playground/blob/master/Track/DSA_A_to_Z/Graphs/Topo_Sort_or_Ordering_Based/Build_matrix_with_row_sum_conditions.py,Graphs,Topo Sort or Ordering Based,Hard,,
Yes,Cook Recipes from Ingredients,https://github.com/AshishSalaskar1/DS_Algo_Playground/blob/master/Track/DSA_A_to_Z/Graphs/Topo_Sort_or_Ordering_Based/Cook_recipes_from_ingredients.py,Graphs,Topo Sort or Ordering Based,Medium,,
Yes,Course Schedule I,https://github.com/AshishSalaskar1/DS_Algo_Playground/blob/master/Track/DSA_A_to_Z/Graphs/Topo_Sort_or_Ordering_Based/Course_Schedule_-_I.py,Graphs,Topo Sort or Ordering Based,,,
Yes,Course Schedule II,https://github.com/AshishSalaskar1/DS_Algo_Playground/blob/master/Track/DSA_A_to_Z/Graphs/Topo_Sort_or_Ordering_Based/Course_Schedule_-_II.py,Graphs,Topo Sort or Ordering Based,,,
Yes,Valid Pair Arrangement Eucledian Circuit,https://github.com/AshishSalaskar1/DS_Algo_Playground/blob/master/Track/DSA_A_to_Z/Graphs/Topo_Sort_or_Ordering_Based/Valid_Pair_Arrangement-Eucledian_circuit.py,Graphs,Topo Sort or Ordering Based,Hard,,
Yes,Min Pushes to Type Word,https://github.com/AshishSalaskar1/DS_Algo_Playground/blob/master/Track/DSA_A_to_Z/Greedy/Min_Pushes_to_type_word.py,Greedy,,Easy,,
Yes,Design Number Container,https://github.com/AshishSalaskar1/DS_Algo_Playground/blob/master/Track/DSA_A_to_Z/Heaps/Design_number_container.py,Heaps,,Medium,,
Yes,Implement Max Heap,https://github.com/AshishSalaskar1/DS_Algo_Playground/blob/master/Track/DSA_A_to_Z/Heaps/Implement_Max_Heap.py,Heaps,,Easy,,
Yes,K Closest Points to Origin,https://github.com/AshishSalaskar1/DS_Algo_Playground/blob/master/Track/DSA_A_to_Z/Heaps/K_closest_points_to_origin.py,Heaps,,,,
Yes,K Most Frequent Elements,https://github.com/AshishSalaskar1/DS_Algo_Playground/blob/master/Track/DSA_A_to_Z/Heaps/K_most_frequent_elements.py,Heaps,,,,
Yes,Task Manage Lc Contest,https://github.com/AshishSalaskar1/DS_Algo_Playground/blob/master/Track/DSA_A_to_Z/Heaps/Task_Manage_LC_Contest.py,Heaps,,Medium,,
Yes,No of Distinct Colors Among Balls,https://github.com/AshishSalaskar1/DS_Algo_Playground/blob/master/Track/DSA_A_to_Z/Leetcode_contests/Arrays/No_of_distinct_colors_among_balls.py,Leetcode contests,Arrays,Medium,,
Yes,Occurences of Element in Array,https://github.com/AshishSalaskar1/DS_Algo_Playground/blob/master/Track/DSA_A_to_Z/Leetcode_contests/Arrays/Occurences_of_element_in_array.py,Leetcode contests,Arrays,Medium,,
Yes,Right Triangles,https://github.com/AshishSalaskar1/DS_Algo_Playground/blob/master/Track/DSA_A_to_Z/Leetcode_contests/Arrays/Right_Triangles.py,Leetcode contests,Arrays,Medium,,
Yes,Count Special Chars,https://github.com/AshishSalaskar1/DS_Algo_Playground/blob/master/Track/DSA_A_to_Z/Leetcode_contests/Arrays/count_special_chars.py,Leetcode contests,Arrays,,,
Yes,Max Energy from Dungeon,https://github.com/AshishSalaskar1/DS_Algo_Playground/blob/master/Track/DSA_A_to_Z/Leetcode_contests/DP/Max_energy_from_Dungeon.py,Leetcode contests,DP,Medium,,
Yes,Minimum Substring Partition of Equal Character Frequency,https://github.com/AshishSalaskar1/DS_Algo_Playground/blob/master/Track/DSA_A_to_Z/Leetcode_contests/DP/Minimum_Substring_Partition_of_Equal_Character_Frequency.py,Leetcode contests,DP,Medium,,
Yes,Delete Last Node,https://github.com/AshishSalaskar1/DS_Algo_Playground/blob/master/Track/DSA_A_to_Z/LinkedList/Delete_last_node.py,LinkedList,,,,
Yes,Delete Middle Node,https://github.com/AshishSalaskar1/DS_Algo_Playground/blob/master/Track/DSA_A_to_Z/LinkedList/Delete_middle_node.py,LinkedList,,,,
Yes,K Th Element from Last,https://github.com/AshishSalaskar1/DS_Algo_Playground/blob/master/Track/DSA_A_to_Z/LinkedList/K_th_element_from_last.py,LinkedList,,,,
Yes,Merged 2 Sorted Ll,https://github.com/AshishSalaskar1/DS_Algo_Playground/blob/master/Track/DSA_A_to_Z/LinkedList/Merged_2_sorted_LL.py,LinkedList,,,,
Yes,Special Nums Primes,https://github.com/AshishSalaskar1/DS_Algo_Playground/blob/master/Track/DSA_A_to_Z/Math/Special_Nums_Primes.py,Math,,Medium,,
Yes,2d Prefix Sum Rect Sum,https://github.com/AshishSalaskar1/DS_Algo_Playground/blob/master/Track/DSA_A_to_Z/Prefix_Partial_Sums/2D_Prefix_Sum_Rect_Sum.py,Prefix Partial Sums,,,,
Yes,2 Good Nums Partial N Prefix,https://github.com/AshishSalaskar1/DS_Algo_Playground/blob/master/Track/DSA_A_to_Z/Prefix_Partial_Sums/2_Good_Nums_Partial_N_Prefix.py,Prefix Partial Sums,,,,
Yes,3 Max Value in Rectangle After Updates,https://github.com/AshishSalaskar1/DS_Algo_Playground/blob/master/Track/DSA_A_to_Z/Prefix_Partial_Sums/3_Max_Value_in_Rectangle_after_updates.py,Prefix Partial Sums,,,,
Yes,4 Ap on Prefix Sum,https://github.com/AshishSalaskar1/DS_Algo_Playground/blob/master/Track/DSA_A_to_Z/Prefix_Partial_Sums/4_AP_on_prefix_sum.py,Prefix Partial Sums,,,,
Yes,5 Gp on Prefix Sum,https://github.com/AshishSalaskar1/DS_Algo_Playground/blob/master/Track/DSA_A_to_Z/Prefix_Partial_Sums/5_GP_on_prefix_sum.py,Prefix Partial Sums,,,,
Yes,Max Subarray Sum with Length Divisible by K,https://github.com/AshishSalaskar1/DS_Algo_Playground/blob/master/Track/DSA_A_to_Z/Prefix_Partial_Sums/Max_subarray_Sum_with_length_divisible_by_k.py,Prefix Partial Sums,,,,
Yes,Fischer Yeates Algo,https://github.com/AshishSalaskar1/DS_Algo_Playground/blob/master/Track/DSA_A_to_Z/Randomized_Algos/Fischer_Yeates_Algo.py,Randomized Algos,,Medium,,
Yes,Linkedlist Fischer Yeates,https://github.com/AshishSalaskar1/DS_Algo_Playground/blob/master/Track/DSA_A_to_Z/Randomized_Algos/LinkedList_Fischer_Yeates.py,Randomized Algos,,,,
Yes,Random Pick Index,https://github.com/AshishSalaskar1/DS_Algo_Playground/blob/master/Track/DSA_A_to_Z/Randomized_Algos/Random_Pick_Index.py,Randomized Algos,,Medium,,
Yes,Random Pick with Blacklist,https://github.com/AshishSalaskar1/DS_Algo_Playground/blob/master/Track/DSA_A_to_Z/Randomized_Algos/Random_pick_with_blacklist.py,Randomized Algos,,Hard,,
Yes,Find Subarray Decimal Sum K,https://github.com/AshishSalaskar1/DS_Algo_Playground/blob/master/Track/DSA_A_to_Z/Recursion_Backtracking/Find_Subarray_Decimal_Sum_K.py,Recursion Backtracking,,Medium,,
Yes,Letters of Phone Keypad,https://github.com/AshishSalaskar1/DS_Algo_Playground/blob/master/Track/DSA_A_to_Z/Recursion_Backtracking/Letters_of_Phone_keypad.py,Recursion Backtracking,,,,
Yes,Max Split Substrings,https://github.com/AshishSalaskar1/DS_Algo_Playground/blob/master/Track/DSA_A_to_Z/Recursion_Backtracking/Max_split_substrings.py,Recursion Backtracking,,Medium,,
Yes,Pow,https://github.com/AshishSalaskar1/DS_Algo_Playground/blob/master/Track/DSA_A_to_Z/Recursion_Backtracking/Pow%28x%2C_n%29.py,Recursion Backtracking,,,,
Yes,Recursive Implementation of Atoi,https://github.com/AshishSalaskar1/DS_Algo_Playground/blob/master/Track/DSA_A_to_Z/Recursion_Backtracking/Recursive_Implementation_of_atoi%28%29.py,Recursion Backtracking,,,,
Yes,Count Smaller Numbers After Self,https://github.com/AshishSalaskar1/DS_Algo_Playground/blob/master/Track/DSA_A_to_Z/Segment_Trees/Count_smaller_numbers_after_self.py,Segment Trees,,Hard,,
Yes,Dynamic Range Minimums,https://github.com/AshishSalaskar1/DS_Algo_Playground/blob/master/Track/DSA_A_to_Z/Segment_Trees/Dynamic_Range_Minimums.py,Segment Trees,,,,
Yes,K Segment Tree,https://github.com/AshishSalaskar1/DS_Algo_Playground/blob/master/Track/DSA_A_to_Z/Segment_Trees/K_Segment_Tree.py,Segment Trees,,,,
Yes,Lc Skylines Lazy Ccmp Example,https://github.com/AshishSalaskar1/DS_Algo_Playground/blob/master/Track/DSA_A_to_Z/Segment_Trees/LC_Skylines_Lazy_CCmp_Example.py,Segment Trees,,Hard,,
Yes,Lazy Segment Tree,https://github.com/AshishSalaskar1/DS_Algo_Playground/blob/master/Track/DSA_A_to_Z/Segment_Trees/Lazy_Segment_Tree.py,Segment Trees,,,,
Yes,Segment Tree Template,https://github.com/AshishSalaskar1/DS_Algo_Playground/blob/master/Track/DSA_A_to_Z/Segment_Trees/Segment_Tree_Template.py,Segment Trees,,,,
Yes,Skylines Lc Lazy,https://github.com/AshishSalaskar1/DS_Algo_Playground/blob/master/Track/DSA_A_to_Z/Segment_Trees/Skylines_LC_Lazy.py,Segment Trees,,,,
Yes,Segment Tree Implement,https://github.com/AshishSalaskar1/DS_Algo_Playground/blob/master/Track/DSA_A_to_Z/Segment_Trees/segment_tree_implement.py,Segment Trees,,,,
Yes,Decode String,https://github.com/AshishSalaskar1/DS_Algo_Playground/blob/master/Track/DSA_A_to_Z/Stacks_Queues/Decode_String.py,Stacks Queues,,Medium,,
Yes,Implement Router Queue Binsearch,https://github.com/AshishSalaskar1/DS_Algo_Playground/blob/master/Track/DSA_A_to_Z/Stacks_Queues/Implement_Router_queue_binsearch.py,Stacks Queues,,Medium,,
Yes,Sum of Subarray Range Diffs,https://github.com/AshishSalaskar1/DS_Algo_Playground/blob/master/Track/DSA_A_to_Z/Stacks_Queues/NGE_NLE/Sum_of_Subarray_range_diffs.py,Stacks Queues,NGE NLE,Medium,,
Yes,Parse Boolean Expression,https://github.com/AshishSalaskar1/DS_Algo_Playground/blob/master/Track/DSA_A_to_Z/Stacks_Queues/Parse_Boolean_Expression.py,Stacks Queues,,Hard,,
Yes,Valid Paranthesis,https://github.com/AshishSalaskar1/DS_Algo_Playground/blob/master/Track/DSA_A_to_Z/Stacks_Queues/Valid_Paranthesis.py,Stacks Queues,,,,
Yes,Close Strings,https://github.com/AshishSalaskar1/DS_Algo_Playground/blob/master/Track/DSA_A_to_Z/Strings/Close_Strings.py,Strings,,Medium,,
Yes,KMP String Match,https://github.com/AshishSalaskar1/DS_Algo_Playground/blob/master/Track/DSA_A_to_Z/Strings/KMP/kmp_string_match.py,Strings,KMP,,,
Yes,Beautiful 3 Splits,https://github.com/AshishSalaskar1/DS_Algo_Playground/blob/master/Track/DSA_A_to_Z/Strings/Rolling_Hash/Beautiful_3_splits.py,Strings,Rolling Hash,Medium,,
Yes,Distinct Echo Substrings,https://github.com/AshishSalaskar1/DS_Algo_Playground/blob/master/Track/DSA_A_to_Z/Strings/Rolling_Hash/Distinct_Echo_Substrings.py,Strings,Rolling Hash,Hard,,
Yes,Find Matching Hash,https://github.com/AshishSalaskar1/DS_Algo_Playground/blob/master/Track/DSA_A_to_Z/Strings/Rolling_Hash/Find_matching_hash.py,Strings,Rolling Hash,Hard,,
Yes,Longest Happy Prefix,https://github.com/AshishSalaskar1/DS_Algo_Playground/blob/master/Track/DSA_A_to_Z/Strings/Rolling_Hash/Longest_Happy_Prefix.py,Strings,Rolling Hash,Hard,,
Yes,Longest Common Substring,https://github.com/AshishSalaskar1/DS_Algo_Playground/blob/master/Track/DSA_A_to_Z/Strings/Rolling_Hash/Longest_common_substring.py,Strings,Rolling Hash,,,
Yes,Longest Decomposition of Palindromes,https://github.com/AshishSalaskar1/DS_Algo_Playground/blob/master/Track/DSA_A_to_Z/Strings/Rolling_Hash/Longest_decomposition_of_palindromes.py,Strings,Rolling Hash,Hard,,
Yes,Longest Repeating Substring,https://github.com/AshishSalaskar1/DS_Algo_Playground/blob/master/Track/DSA_A_to_Z/Strings/Rolling_Hash/Longest_repeating_substring.py,Strings,Rolling Hash,Hard,,
Yes,Rolling Hash Function,https://github.com/AshishSalaskar1/DS_Algo_Playground/blob/master/Track/DSA_A_to_Z/Strings/Rolling_Hash/Rolling_Hash_Function.py,Strings,Rolling Hash,,,
Yes,Rolling Hash on Numbers,https://github.com/AshishSalaskar1/DS_Algo_Playground/blob/master/Track/DSA_A_to_Z/Strings/Rolling_Hash/Rolling_hash_on_numbers.py,Strings,Rolling Hash,,,
Yes,Shortest Palindrome Adding in Front,https://github.com/AshishSalaskar1/DS_Algo_Playground/blob/master/Track/DSA_A_to_Z/Strings/Rolling_Hash/Shortest_Palindrome_Adding_in_front.py,Strings,Rolling Hash,,,
Yes,Simple Str Match,https://github.com/AshishSalaskar1/DS_Algo_Playground/blob/master/Track/DSA_A_to_Z/Strings/Rolling_Hash/Simple_str_match.py,Strings,Rolling Hash,,,
Yes,Sum Scores of Built Strings,https://github.com/AshishSalaskar1/DS_Algo_Playground/blob/master/Track/DSA_A_to_Z/Strings/Rolling_Hash/Sum_scores_of_built_strings.py,Strings,Rolling Hash,Hard,,
Yes,String Compression,https://github.com/AshishSalaskar1/DS_Algo_Playground/blob/master/Track/DSA_A_to_Z/Strings/String_Compression.py,Strings,,Medium,,
Yes,Car Pooling,https://github.com/AshishSalaskar1/DS_Algo_Playground/blob/master/Track/DSA_A_to_Z/Sweep_Lines/Car_Pooling.py,Sweep Lines,,Medium,,
Yes,Cut Grids in 3 Sections,https://github.com/AshishSalaskar1/DS_Algo_Playground/blob/master/Track/DSA_A_to_Z/Sweep_Lines/Cut_grids_in_3_sections.py,Sweep Lines,,Medium,,
Yes,Flowers in Bloom,https://github.com/AshishSalaskar1/DS_Algo_Playground/blob/master/Track/DSA_A_to_Z/Sweep_Lines/Flowers_in_bloom.py,Sweep Lines,,Hard,,
Yes,Max Beauty of Array,https://github.com/AshishSalaskar1/DS_Algo_Playground/blob/master/Track/DSA_A_to_Z/Sweep_Lines/Max_Beauty_of_array.py,Sweep Lines,,Medium,,
Yes,Max Freq After Operations,https://github.com/AshishSalaskar1/DS_Algo_Playground/blob/master/Track/DSA_A_to_Z/Sweep_Lines/Max_Freq_after_operations.py,Sweep Lines,,Hard,,
Yes,Meeting Room K Occupancy,https://github.com/AshishSalaskar1/DS_Algo_Playground/blob/master/Track/DSA_A_to_Z/Sweep_Lines/Meeting_room_k_occupancy.py,Sweep Lines,,,,
Yes,My Calendar II,https://github.com/AshishSalaskar1/DS_Algo_Playground/blob/master/Track/DSA_A_to_Z/Sweep_Lines/My_Calendar_II.py,Sweep Lines,,Medium,,
Yes,Rectangle Area II,https://github.com/AshishSalaskar1/DS_Algo_Playground/blob/master/Track/DSA_A_to_Z/Sweep_Lines/Rectangle_Area_II.py,Sweep Lines,,Hard,,
Yes,Restaurant Customers,https://github.com/AshishSalaskar1/DS_Algo_Playground/blob/master/Track/DSA_A_to_Z/Sweep_Lines/Restaurant_Customers.py,Sweep Lines,,,,
Yes,Kth Ancestor of Node,https://github.com/AshishSalaskar1/DS_Algo_Playground/blob/master/Track/DSA_A_to_Z/Trees/Binary_Lifting/Kth_Ancestor_of_node.py,Trees,Binary Lifting,Hard,,
Yes,LCA,https://github.com/AshishSalaskar1/DS_Algo_Playground/blob/master/Track/DSA_A_to_Z/Trees/Binary_Lifting/LCA.py,Trees,Binary Lifting,,,
Yes,Path GCD Queries,https://github.com/AshishSalaskar1/DS_Algo_Playground/blob/master/Track/DSA_A_to_Z/Trees/Binary_Lifting/Path_GCD_Queries.py,Trees,Binary Lifting,,,
Yes,Path Sum Between Nodes,https://github.com/AshishSalaskar1/DS_Algo_Playground/blob/master/Track/DSA_A_to_Z/Trees/Binary_Lifting/Path_Sum_between_nodes.py,Trees,Binary Lifting,,,
Yes,DFS N Tree,https://github.com/AshishSalaskar1/DS_Algo_Playground/blob/master/Track/DSA_A_to_Z/Trees/DFS_n_Tree.py,Trees,,,,
Yes,Euler Template,https://github.com/AshishSalaskar1/DS_Algo_Playground/blob/master/Track/DSA_A_to_Z/Trees/Euler_Tour/Euler_template.py,Trees,Euler Tour,,,
Yes,Height of Tree After Delete Queries,https://github.com/AshishSalaskar1/DS_Algo_Playground/blob/master/Track/DSA_A_to_Z/Trees/Euler_Tour/Height_of_tree_after_delete_queries.py,Trees,Euler Tour,Hard,,
Yes,Subtree Sum Update Queries,https://github.com/AshishSalaskar1/DS_Algo_Playground/blob/master/Track/DSA_A_to_Z/Trees/Euler_Tour/Subtree_sum_update_queries.py,Trees,Euler Tour,,,
Yes,Count Words After One Addition,https://github.com/AshishSalaskar1/DS_Algo_Playground/blob/master/Track/DSA_A_to_Z/Tries/Count_Words_after_one_addition.py,Tries,,Medium,,
Yes,Longest Word with All Prefixes,https://github.com/AshishSalaskar1/DS_Algo_Playground/blob/master/Track/DSA_A_to_Z/Tries/Longest_word_with_all_prefixes.py,Tries,,,,
Yes,1 Largest Subarray 1 with K Flips,https://github.com/AshishSalaskar1/DS_Algo_Playground/blob/master/Track/DSA_A_to_Z/Two_Pointers_Sliding_Window/AZ_Method/1_Largest_Subarray_1_with_k_flips.py,Two Pointers Sliding Window,AZ Method,,,
Yes,2 Num Subarrays with Distinct Elements Less K,https://github.com/AshishSalaskar1/DS_Algo_Playground/blob/master/Track/DSA_A_to_Z/Two_Pointers_Sliding_Window/AZ_Method/2_Num_subarrays_with_distinct_elements_less_k.py,Two Pointers Sliding Window,AZ Method,,,
Yes,Longest Distinct Subarray,https://github.com/AshishSalaskar1/DS_Algo_Playground/blob/master/Track/DSA_A_to_Z/Two_Pointers_Sliding_Window/AZ_Method/Longest_distinct_subarray.py,Two Pointers Sliding Window,AZ Method,,,
Yes,Nearest 3 Sum,https://github.com/AshishSalaskar1/DS_Algo_Playground/blob/master/Track/DSA_A_to_Z/Two_Pointers_Sliding_Window/AZ_Method/Nearest_3_sum.py,Two Pointers Sliding Window,AZ Method,,,
Yes,Num Subarray with Sum Atmost K,https://github.com/AshishSalaskar1/DS_Algo_Playground/blob/master/Track/DSA_A_to_Z/Two_Pointers_Sliding_Window/AZ_Method/Num_Subarray_with_sum_atmost_K.py,Two Pointers Sliding Window,AZ Method,,,
Yes,Shortest Distinct Subarray,https://github.com/AshishSalaskar1/DS_Algo_Playground/blob/master/Track/DSA_A_to_Z/Two_Pointers_Sliding_Window/AZ_Method/Shortest_Distinct_subarray.py,Two Pointers Sliding Window,AZ Method,,,
Yes,Subarrays with Any Pair Sum Less Than K,https://github.com/AshishSalaskar1/DS_Algo_Playground/blob/master/Track/DSA_A_to_Z/Two_Pointers_Sliding_Window/AZ_Method/Subarrays_with_any_pair_sum_less_than_k.py,Two Pointers Sliding Window,AZ Method,Medium,,
Yes,Add Spaces to String,https://github.com/AshishSalaskar1/DS_Algo_Playground/blob/master/Track/DSA_A_to_Z/Two_Pointers_Sliding_Window/Old_Solved/Add_spaces_to_string.py,Two Pointers Sliding Window,Old Solved,Medium,,
Yes,Binary Subarray Sum,https://github.com/AshishSalaskar1/DS_Algo_Playground/blob/master/Track/DSA_A_to_Z/Two_Pointers_Sliding_Window/Old_Solved/Binary_Subarray_sum.py,Two Pointers Sliding Window,Old Solved,,,
Yes,Box Rotate Stone Fall Gravity,https://github.com/AshishSalaskar1/DS_Algo_Playground/blob/master/Track/DSA_A_to_Z/Two_Pointers_Sliding_Window/Old_Solved/Box_rotate_stone_fall_gravity.py,Two Pointers Sliding Window,Old Solved,Medium,,
Yes,Longest 1 Group After Deleting 1 Element,https://github.com/AshishSalaskar1/DS_Algo_Playground/blob/master/Track/DSA_A_to_Z/Two_Pointers_Sliding_Window/Old_Solved/Longest_1_group_after_deleting_1_element.py,Two Pointers Sliding Window,Old Solved,Medium,,
Yes,Longest Repeating Char Replacement,https://github.com/AshishSalaskar1/DS_Algo_Playground/blob/master/Track/DSA_A_to_Z/Two_Pointers_Sliding_Window/Old_Solved/Longest_Repeating_char_replacement.py,Two Pointers Sliding Window,Old Solved,Medium,,
Yes,Longest Substring Without Repeating Characters,https://github.com/AshishSalaskar1/DS_Algo_Playground/blob/master/Track/DSA_A_to_Z/Two_Pointers_Sliding_Window/Old_Solved/Longest_Substring_Without_Repeating_Characters.py,Two Pointers Sliding Window,Old Solved,,,
Yes,Make Subsequence Cyclic Shift,https://github.com/AshishSalaskar1/DS_Algo_Playground/blob/master/Track/DSA_A_to_Z/Two_Pointers_Sliding_Window/Old_Solved/Make_subsequence_cyclic_shift.py,Two Pointers Sliding Window,Old Solved,Medium,,
Yes,Max Consecutive Ones III,https://github.com/AshishSalaskar1/DS_Algo_Playground/blob/master/Track/DSA_A_to_Z/Two_Pointers_Sliding_Window/Old_Solved/Max_Consecutive_Ones_III.py,Two Pointers Sliding Window,Old Solved,Medium,,
Yes,Max Vowels in K Substring,https://github.com/AshishSalaskar1/DS_Algo_Playground/blob/master/Track/DSA_A_to_Z/Two_Pointers_Sliding_Window/Old_Solved/Max_vowels_in_k_substring.py,Two Pointers Sliding Window,Old Solved,Medium,,
Yes,Minimum Size Subarray Sum,https://github.com/AshishSalaskar1/DS_Algo_Playground/blob/master/Track/DSA_A_to_Z/Two_Pointers_Sliding_Window/Old_Solved/Minimum_Size_Subarray_Sum.py,Two Pointers Sliding Window,Old Solved,Medium,,
Yes,Move Pieces to Make String,https://github.com/AshishSalaskar1/DS_Algo_Playground/blob/master/Track/DSA_A_to_Z/Two_Pointers_Sliding_Window/Old_Solved/Move_Pieces_to_make_string.py,Two Pointers Sliding Window,Old Solved,Medium,,
Yes,Num Substrings Containing All 3 Chars,https://github.com/AshishSalaskar1/DS_Algo_Playground/blob/master/Track/DSA_A_to_Z/Two_Pointers_Sliding_Window/Old_Solved/Num_substrings_containing_all_3_chars.py,Two Pointers Sliding Window,Old Solved,,,
Yes,Power of K Sized Subarrays,https://github.com/AshishSalaskar1/DS_Algo_Playground/blob/master/Track/DSA_A_to_Z/Two_Pointers_Sliding_Window/Old_Solved/Power_of_k_Sized_Subarrays.py,Two Pointers Sliding Window,Old Solved,,,
Yes,BFS,https://github.com/AshishSalaskar1/DS_Algo_Playground/blob/master/Track/DSA_A_to_Z/others/BFS.py,others,,,,
Yes,DFS,https://github.com/AshishSalaskar1/DS_Algo_Playground/blob/master/Track/DSA_A_to_Z/others/DFS.py,others,,,,
Yes,Majority Element,https://github.com/AshishSalaskar1/DS_Algo_Playground/blob/master/Track/DSA_A_to_Z/others/Majority_Element_%28n2_times%29.py,others,,,,
Yes,Majority Element,https://github.com/AshishSalaskar1/DS_Algo_Playground/blob/master/Track/DSA_A_to_Z/others/Majority_Element_%28n3_times%29.py,others,,,,
Yes,Merge Overlapping Subintervals,https://github.com/AshishSalaskar1/DS_Algo_Playground/blob/master/Track/DSA_A_to_Z/others/Merge_Overlapping_Subintervals.py,others,,,,
Yes,Next Permutation,https://github.com/AshishSalaskar1/DS_Algo_Playground/blob/master/Track/DSA_A_to_Z/others/Next_Permutation.py,others,,,,
Yes,Number of Provinces,https://github.com/AshishSalaskar1/DS_Algo_Playground/blob/master/Track/DSA_A_to_Z/others/Number_of_provinces_%28leetcode%29.py,others,,,,
Yes,Pascal's Triangle,https://github.com/AshishSalaskar1/DS_Algo_Playground/blob/master/Track/DSA_A_to_Z/others/Pascal%27s_Triangle.py,others,,,,
Yes,Pow,https://github.com/AshishSalaskar1/DS_Algo_Playground/blob/master/Track/DSA_A_to_Z/others/Pow%28x%2C_n%29.py,others,,,,
Yes,Quad Tree,https://github.com/AshishSalaskar1/DS_Algo_Playground/blob/master/Track/DSA_A_to_Z/others/QUAD_Tree.py,others,,Medium,,
Yes,Search in a 2 D Matrix,https://github.com/AshishSalaskar1/DS_Algo_Playground/blob/master/Track/DSA_A_to_Z/others/Search_in_a_2_D_matrix.py,others,,,,
Yes,Set Matrix Zeros,https://github.com/AshishSalaskar1/DS_Algo_Playground/blob/master/Track/DSA_A_to_Z/others/Set_Matrix_Zeros.py,others,,,,
Yes,Stock Buy and Sell,https://github.com/AshishSalaskar1/DS_Algo_Playground/blob/master/Track/DSA_A_to_Z/others/Stock_Buy_and_Sell.py,others,,,,
Yes,Test,https://github.com/AshishSalaskar1/DS_Algo_Playground/blob/master/Track/DSA_A_to_Z/test.py,test.py,,,,
